Year,ISO_Code,Countries,Economic Freedom Summary Index,Rank,Quartile,Government consumption,data,Transfers and subsidies,data,Government investment,data,Top marginal income tax rate,data,Top marginal income and payroll tax rate,data,Top marginal tax rate,State ownership of assets,Size of Government,Judicial independence,Impartial courts,Protection of property rights,Military interference in rule of law and politics,Integrity of the legal system,Legal enforcement of contracts,Regulatory restrictions on the sale of real property,Reliability of police,Gender Legal Rights Adjustment,Legal System & Property Rights,Money growth,data,Standard deviation of inflation,data,Inflation: Most recent year,data,Freedom to own foreign currency bank accounts,Sound Money,Revenue from trade taxes (% of trade sector),data,Mean tariff rate,data,Standard deviation of tariff rates,data,Tariffs,Non-tariff trade barriers,Compliance costs of importing and exporting,Regulatory trade barriers,Black market exchange rates,Financial Openness,Capital controls,Freedom of foreigners to visit,Controls of the movement of capital and people,Freedom to trade Internationally,Ownership of banks,Private sector credit,Interest rate controls/negative real interest rates),Credit market regulations,Hiring regulations and minimum wage,Hiring and firing regulations,Centralized collective bargaining,Hours Regulations,Mandated cost of worker dismissal,Conscription,Labor market regulations,Administrative requirements,Regulatory Burden,Starting a business,Impartial Public Administration,Licensing restrictions,Tax compliance,Business regulations,Regulation
2019,AGO,Angola,5.5,153,4,7.29,15.2,9.62,1.88,6.73,26.43,10,17,9,25,9.5,4.49,7.53,4.08,3.6,3.74,4.17,3.95,2.3,5.52,3.81,0.88,3.67,8.71,6.47,4.44,13.89,6.58,17.08,0,4.93,9.24,1.14,7.96,10.2,4,14.99,7.07,4.7,2.51,3.6,9.73,0,2.31,1.22,1.17,5.39,5,10,6,7,10,4.43,6.97,4,6.63,0,5.34,2.94,2.44,8.73,4.7,7.92,6.78,5.59,5.97
2019,ALB,Albania,7.81,31,1,8.16,12.26,7.33,10.29,8,22.02,9,23,7,34,8,8.54,8,4.13,4.26,3.84,8.33,5.27,3.91,6.72,5.61,1,5.26,9.99,0.06,9.75,0.63,9.72,1.41,10,9.86,9.66,0.51,9.28,3.6,8.1,4.75,9.01,6.81,9.41,8.11,10,4.17,4.62,8.63,5.8,8.23,10,8.6,10,9.53,5.57,4.87,5.58,8,6.3,10,6.72,5.65,6.67,9.74,6.24,5.62,7.18,6.85,7.7
2019,ARE,United Arab Emirates,7.28,68,2,4.28,25.44,8.06,7.62,0,57.84,10,0,10,16,10,4.69,5.41,5.96,7.75,7.77,8.33,5.72,5.83,9.91,8.61,0.59,5.94,9.81,-0.95,6.8,7.99,9.61,-1.93,10,9.06,10,0,9.04,4.8,6.26,9.36,8.43,7.11,8.33,7.72,10,10,5.38,7.85,7.75,8.48,5,10,8,7.67,10,6.93,7.38,6,10,0,6.72,7.03,6.22,9.69,7.17,10,8.7,8.13,7.51
2019,ARG,Argentina,5.5,153,4,5.99,19.62,6.49,13.37,7.59,23.45,7,35,1,57,4,7.24,6.26,5.07,4.28,4.58,7.5,4.26,3.82,6.86,4.41,0.88,4.8,5.58,22.08,5.43,11.42,0,53.55,5,4,4.93,7.61,7.3,13.5,5.9,10.26,6.04,5.07,5.65,5.36,6.48,8.2,6.15,9.07,7.81,6.42,5,7.17,8,6.72,2.77,2.24,3.19,10,2.52,10,5.12,2.71,5.78,9.58,6.53,5.73,6.51,6.14,5.99
2019,ARM,Armenia,8.03,15,1,7.94,13,7.86,8.35,9.3,17.46,5,36,5,36,5,9.07,7.83,4.99,5.76,6.37,5.83,5.79,5.2,9.82,6.67,1,6.3,9.22,3.91,9.67,0.83,9.71,1.44,10,9.65,8.99,1.51,8.74,6.3,7.56,6.11,8.43,5.69,9.32,7.5,10,8.35,6.15,10,8.17,8.53,10,9.05,10,9.68,6.67,5.6,7.25,10,9.25,0,6.46,5.17,5.56,9.86,6.96,9.3,7.04,7.32,7.82
2019,AUS,Australia,8.2,9,1,4.24,25.59,6.96,11.64,9.5,16.76,5,45,4,47,4.5,7.49,6.54,8.44,7.68,8.45,10,8.5,6.76,8.14,8.42,1,8.3,9.81,0.94,9.18,2.05,9.68,1.61,10,9.67,8.81,1.79,9.52,2.4,9.05,2.38,9.13,7.12,8.43,7.78,10,10,4.62,0.11,4.91,7.95,10,8.3,10,9.43,8.9,3.91,6.08,10,7.93,10,7.8,3.98,8.67,9.93,9.64,8.95,8.82,8.33,8.52
2019,AUT,Austria,7.86,28,1,3.72,27.34,3.51,24.32,10,12.28,4,55,3,59,3.5,6.4,5.43,7.78,7.88,8.62,10,8.68,6.99,8.1,8.6,1,8.33,8.14,9.3,9.86,0.35,9.69,1.53,10,9.42,9.13,1.3,8.98,5.1,6.49,8.77,8.2,6.66,9.98,8.32,10,10,3.08,8.74,7.27,8.45,8,10,10,9.33,8.9,4.78,2.49,6,10,3,5.86,4.47,8.67,9.24,8.35,7.3,8.53,7.76,7.65
2019,AZE,Azerbaijan,6.44,121,3,7.05,16.03,7.71,8.9,1.85,43.53,9,25,4,41,6.5,3.78,5.38,3.89,3.81,6.81,5,4.01,7.25,7.61,7.6,0.82,5.24,7.83,10.84,5.69,10.78,9.48,2.61,5,7,8.73,1.91,8.26,8.7,5.58,11.05,7.52,6.63,8.2,7.42,10,4.65,4.62,2.77,4.01,7.24,5,10,10,8.33,8.33,7.25,8.18,6,8.5,1,6.54,7.21,6.22,9.88,2.78,9.02,8.22,7.22,7.37
2019,BDI,Burundi,5.65,150,4,4.04,26.28,10,0.47,6.45,27.42,8,30,5,38,6.5,4.76,6.35,3.77,3.56,4.31,,3.1,2.81,8.55,5.37,0.82,4.1,7.02,14.88,7.84,5.39,9.86,-0.69,10,8.68,8.07,2.9,7.44,12.8,5.14,12.16,6.88,4.55,1.14,2.84,0.39,0,1.54,0.55,0.7,2.7,5,0,10,5,10,5.12,7.45,8,7.76,10,8.05,4.91,2.44,9.71,2.92,9.76,7.4,6.19,6.41
2019,BEL,Belgium,7.62,45,2,2.66,30.95,2.05,29.67,10,10.88,2,50-55,0,66-69,1,8.01,4.75,7.57,7.32,7.86,10,7.78,6.53,4.9,7.6,1,7.45,8.03,9.83,9.91,0.23,9.71,1.44,10,9.41,9.13,1.3,8.98,5.1,6.49,8.77,8.2,5.64,9.98,7.81,10,10,3.85,8.74,7.53,8.39,8,9.23,10,9.08,8.9,3.75,5.85,6,10,10,7.42,3.5,8.44,9.78,9.53,7.46,8.48,7.87,8.12
2019,BEN,Benin,6.62,110,3,7.9,13.13,9.77,1.34,9.84,15.57,4,45,3,46,3.5,8.81,7.96,5.55,5.23,4.87,,5.3,2.05,6.61,6.67,0.76,4.57,8.74,-6.29,9.93,0.16,9.82,-0.92,0,7.12,5.84,6.24,7.58,12.1,7.05,7.38,6.82,5.13,5.16,5.15,10,1.65,0.77,5.86,2.76,6.18,10,9.75,5,8.25,7.77,6.13,7.6,8,7.57,1,6.34,4.54,4.22,9.68,7.88,9.48,6.97,7.13,7.24
2019,BFA,Burkina Faso,6.04,138,4,5.03,22.9,9.77,1.34,0.85,47.03,9,25,4,42,6.5,7.79,5.99,5.05,4.01,4.62,3.33,5.87,2.14,4.82,5.72,0.82,4.05,9.31,-3.47,8.49,3.78,9.35,-3.23,0,6.79,7.54,3.69,7.58,12.1,7.05,7.38,7.39,5.43,3.6,4.52,10,1.65,0.77,7.41,3.28,6.3,10,7.86,5,7.62,6.67,4.6,6.87,6,7.94,10,7.01,3.77,4.22,9.11,6.22,8.93,6.97,6.54,7.06
2019,BGD,Bangladesh,6.05,136,4,9.31,8.33,9.71,1.55,7.02,25.43,8,30,8,30,8,6.48,8.11,3.06,3.65,4.31,4.17,3.08,0.94,2.67,4.18,0.76,2.87,9.35,3.24,9.66,0.86,8.88,5.59,0,6.97,5.55,6.68,7.2,14,6.25,9.38,6.33,5.63,0,2.82,10,1.65,0,10,3.88,5.76,5,8.48,10,7.83,10,4.69,6.28,10,1.37,10,7.05,3.88,2.67,9.28,1.38,6.45,5.12,4.8,6.56
2019,BGR,Bulgaria,7.76,36,1,5.24,22.19,5.95,15.38,7.48,23.82,10,10,7,35,8.5,7.93,7.02,5.7,4.98,4.86,8.33,5.07,5.08,8.72,4.76,1,5.94,9.74,1.29,9.5,1.25,9.38,3.1,10,9.66,9,1.5,8.98,5.1,6.49,8.77,8.16,5.42,9.85,7.64,10,7.48,6.92,8.74,7.72,8.38,10,9.62,9,9.54,5.57,5.04,7.18,6,9.25,10,7.17,4.52,6.22,9.25,5.91,9.33,5.06,6.71,7.81
2019,BHR,Bahrain,7.33,65,2,3.44,28.31,8.03,7.72,9.61,16.37,10,0,10,17,10,2.55,6.73,5.34,5.25,7.84,5,4.86,4.79,9.4,8.95,0.47,4.73,9.54,-2.31,7.6,5.99,9.8,1.01,10,9.24,9.48,0.78,9.04,4.8,6.45,8.88,8.32,6.81,6.67,6.74,10,10,6.15,7.63,7.93,8.25,10,2.83,10,7.61,8.33,5.98,8.06,8,7.03,10,7.9,6.06,8,9.71,2.41,9.76,9.75,7.61,7.71
2019,BHS,"Bahamas, The",7.56,52,2,6.11,19.23,8.96,4.32,10,10.46,10,0,10,9,10,,8.77,7.15,5.7,,10,6.67,4.6,3.82,,1,6.32,7.67,11.66,8.89,2.77,9.5,2.49,5,7.77,7.12,4.32,3.5,32.5,1.55,21.13,4.06,6.71,8.11,7.41,10,0,0.77,10,3.59,6.26,10,9.44,10,9.81,8.9,,,8,6.55,10,8.36,,5.78,9.52,,7.98,8.26,7.88,8.69
2019,BIH,Bosnia and Herzegovina,6.86,90,3,5.74,20.5,5.63,16.53,7.71,23.01,10,10,3,47,6.5,6.85,6.49,4.17,3.45,3.75,,4.42,3.79,7.66,4.5,0.88,4.27,8.83,5.86,9.74,0.65,9.89,0.56,5,8.36,9.87,0.2,8.74,6.3,6.75,8.13,8.45,6.19,9.59,7.89,10,1.65,3.08,10,4.91,7.81,10,10,10,10,5.57,3.11,7.08,10,7.51,10,7.21,1.84,5.11,7.26,2.19,7.95,5.39,4.96,7.39
2019,BLR,Belarus,6.88,88,3,5.19,22.35,5.49,17.07,,,10,13,5,36,7.5,3.79,5.49,3.73,5.68,,5,4.78,6.97,9.91,,0.88,5.66,8.3,8.49,8.47,3.83,8.88,5.6,10,8.91,8.2,2.7,8.64,6.8,6.6,8.5,7.81,6.15,9.7,7.93,10,1.65,1.54,2.99,2.06,6.95,2,10,10,7.33,10,,,10,7.76,1,7.19,,6.44,9.72,5.65,8.34,8.09,7.65,7.39
2019,BLZ,Belize,6.7,100,3,5.78,20.35,8.43,6.26,5.97,29.11,9,25,,,9,,7.29,6.79,4.04,7.39,,,3.33,7.29,3.33,0.88,5.05,8.91,-5.45,9.57,1.09,9.96,0.19,0,7.11,7.47,3.79,7.62,11.9,4.15,14.64,6.41,4.27,6.09,5.18,10,1.65,0,10,3.88,6.37,10,6.24,10,8.75,7.77,4.97,7.99,8,6.55,10,7.55,3.72,4.67,8.1,,8.6,8.35,6.69,7.66
2019,BOL,Bolivia,6.28,125,4,5.6,20.95,8.84,4.77,0,65.7,10,13,10,13,10,5.7,6.03,2.97,2.79,3.23,4.17,3.83,4.49,6.75,2.72,1,3.87,9.15,-4.27,8.33,4.19,9.63,1.84,10,9.28,9.24,1.14,7.64,11.8,6.22,9.44,7.7,4.95,3.05,4,10,4.48,4.62,10,6.37,7.02,8,4.92,10,7.64,1.1,2.05,5.01,8,,3,3.83,1.85,3.11,8.34,5.01,7.08,0,4.23,5.23
2019,BRA,Brazil,6.63,109,3,4.76,23.8,5.7,16.28,10,9.34,8,28,3,50,5.5,8.18,6.83,5.5,4.8,4.89,5.83,4.85,3.33,8.24,3.85,1,5.16,9.14,4.29,8.98,2.55,9.25,3.73,10,9.34,8.63,2.06,7.32,13.4,6.14,9.65,7.36,4.04,7.87,5.95,10,1.65,2.31,10,4.65,6.99,5,5.18,6,5.39,2.23,2.93,5.48,6,7.13,3,4.46,1.14,6.22,9.42,5.2,5.4,0,4.56,4.81
2019,BRB,Barbados,6.91,87,3,8.05,12.63,5.95,15.38,8.74,19.41,5,40,1,57,3,7.13,6.57,7.26,5.56,5.85,,6.66,3.8,7.58,6.4,0.88,5.79,8.34,8.28,8.84,2.9,9.18,4.1,5,7.84,8.01,2.99,7.86,10.7,5.63,10.91,7.17,6.56,6.16,6.36,10,1.65,0,8.63,3.43,6.74,8,10,10,9.33,8.9,2.99,6.37,8,5.68,10,6.99,3.26,6.89,9.41,7.44,5,7.3,6.55,7.62
2019,BRN,Brunei Darussalam,7.3,66,2,0,55.04,,,10,5.15,10,0,10,7,10,,6.67,5.63,5.15,5.53,8.33,6.67,4.17,4.8,6.47,0.71,4.98,9.73,1.33,5.69,10.76,9.92,-0.39,10,8.84,,,9.94,0.3,8.95,2.62,9.45,5.1,2.34,3.72,10,,6.15,5.2,5.68,7.21,,8.67,10,9.33,10,4.91,7.82,10,10,10,8.79,3.89,8.44,9.81,,9.56,9.41,8.22,8.78
2019,BTN,Bhutan,6.82,92,3,4.9,23.34,9.87,0.99,8.56,20.03,9,25,8,26,8.5,5.28,7.42,6.53,6.76,6.16,,6.6,7.37,6.9,2.46,0.94,5.93,9.63,1.85,9.26,1.84,9.45,2.73,0,7.09,9,1.5,5.54,22.3,4.2,14.5,6.25,4.92,9.5,7.21,10,1.65,0,0.33,0.66,6.03,5,9.39,9,7.8,10,2.01,5.63,10,10,10,7.94,2.54,4.22,9.58,8.38,8.47,9.42,7.1,7.61
2019,BWA,Botswana,7.62,45,2,3.99,26.45,8.89,4.59,7.5,23.74,9,25,9,25,9,5.05,6.88,6.74,6.93,6.52,8.33,6.24,3.07,7.81,6.3,0.88,6.11,9.8,-1.01,8.22,4.46,9.45,2.77,10,9.37,3.49,9.77,8.46,7.7,5.53,11.17,5.83,5.32,9.4,7.36,10,10,5.38,10,8.46,7.91,8,7.41,10,8.47,10,4.96,5.76,10,3.78,10,7.42,4.15,6.67,8.46,8.77,9.26,8.65,7.66,7.85
2019,CAF,Central African Republic,5.36,156,4,7.41,14.8,9.58,2.04,0,55.86,5,40,,,5,8.6,6.12,6.15,3.03,3.92,,3.18,0.51,4.97,5.71,0.76,3.46,8.31,8.45,8.74,3.15,9.46,2.69,0,6.63,6.29,5.57,6.4,18,6.18,9.54,6.29,3.28,2.28,2.78,10,1.65,1.54,1.88,1.69,5.19,5,10,10,8.33,0,,,6,7.01,0,3.25,,0.67,7.84,2.9,7.31,4.59,4.66,5.41
2019,CAN,Canada,8.06,14,1,3.88,26.81,7,11.52,9.43,16.98,4,45-54,4,45-54,4,7.21,6.3,7.99,7.96,7.72,10,8.19,5.82,8.68,7.92,1,8.04,9.52,2.42,9.51,1.24,9.61,1.95,10,9.66,9.75,0.37,9.22,3.9,2.56,18.6,7.18,5.94,9.89,7.91,10,10,6.92,0.11,5.68,7.69,10,10,10,10,8.9,6.09,7.24,8,8.27,10,8.08,4.83,8,9.95,8.55,6.85,8.53,7.79,8.62
2019,CHE,Switzerland,8.48,4,1,6.38,18.3,6.01,15.15,10,11.99,8,26-43,6,35-50,7,9.04,7.69,8.61,8.63,9.04,10,8.25,6.25,9.6,9.05,1,8.68,9.65,1.77,9.82,0.46,9.93,0.36,10,9.85,9.91,0.14,8.8,6,0,28.08,6.24,6.22,9.91,8.07,10,10,3.08,8.74,7.27,7.89,8,10,10,9.33,10,8.04,7.9,6,10,0,6.99,6.32,7.56,9.58,9.79,8.37,9.29,8.48,8.27
2019,CHL,Chile,7.85,29,1,6.23,18.81,8.49,6.03,10,10.81,6,36,6,36,6,8.4,7.83,7.41,6.98,7.16,7.5,6.81,5.37,9.1,7.79,0.82,6.62,9.33,3.37,9.55,1.12,9.49,2.56,10,9.59,9.79,0.31,8.8,6,9.83,0.42,9.48,7.01,6.83,6.92,10,7,2.31,9.4,6.24,8.16,8,8.58,10,8.86,5.57,3.44,8.3,10,2.52,0,4.97,4.02,7.78,9.84,7.46,7.74,6.68,7.25,7.03
2019,CHN,China,6.53,116,3,2.93,30.03,8.29,6.76,9.17,17.89,6,45,6,45,6,3.98,6.08,4.29,5.12,5.96,5,4.38,4.75,8.32,5.98,0.88,5.15,9.86,-0.72,9.31,1.73,9.42,2.9,5,8.4,9.35,0.97,8.48,7.6,7.54,6.16,8.46,5.81,8.64,7.22,10,1.65,0,1.77,1.14,6.71,2,8.55,10,6.85,8.9,5.77,6.05,10,2.52,0,5.54,5.63,3.33,9.71,3.44,9.11,8.45,6.61,6.33
2019,CIV,Cote d'Ivoire,6.18,131,4,7.99,12.84,9.19,3.48,7,25.5,3,47,1,58,2,7.79,6.79,4.67,4.53,4.94,4.17,4.74,3.97,6.93,4.03,0.88,4.47,9.97,0.14,9.45,1.39,9.78,-1.11,0,7.3,5.43,6.85,7.58,12.1,7.05,7.38,6.69,5.21,1.83,3.52,10,1.65,0.77,2.54,1.65,5.47,10,8.08,5,7.69,5.57,4.95,7.36,8,7.57,3,6.07,4.04,4.44,9.77,6.99,8.25,7.9,6.9,6.89
2019,CMR,Cameroon,5.86,145,4,7.86,13.27,9.53,2.21,9.18,17.88,5,39,4,43,4.5,6.45,7.5,3.52,3.38,4.29,4.17,3.52,2.17,3.97,5.07,0.47,2.76,9.68,1.62,9.59,1.03,9.51,2.45,0,7.19,7.07,4.39,6.36,18.2,6.29,9.28,6.57,5.32,0,2.66,10,1.65,1.54,0.66,1.28,5.13,5,8.11,10,7.7,7.23,4.79,6.63,8,7.01,10,7.28,4.23,3.56,9.27,1.78,8.83,3.01,5.11,6.7
2019,COD,"Congo, Dem. Rep.",5.36,156,4,9.32,8.32,9.92,0.8,10,10.81,5,40,2,51,3.5,5.61,7.67,3.46,2.5,3.25,2.5,2.59,0.97,5.96,3.15,0.76,2.69,6.46,17.68,2.21,19.47,9.06,4.71,5,5.68,7.79,3.32,7.82,10.9,7.38,6.54,7.66,5.09,0,2.55,10,1.65,0.77,0.77,1.06,5.32,0,9.11,8,5.7,1.67,3.94,6.33,8,10,3,5.49,3.2,0,9.59,2.54,8.9,6.12,5.06,5.42
2019,COG,"Congo, Rep.",5.08,159,4,5.65,20.8,9.01,4.15,10,5.66,5,40,3,46,4,5.63,6.86,3.77,3.48,3.69,5,2.57,3.01,4.51,,0.59,2.95,8.39,-8.07,2.61,18.48,9.56,2.21,0,5.14,9.32,1.02,7.62,11.9,7,7.5,7.98,4.03,0,2.01,10,1.65,1.54,1.66,1.62,5.4,0,10,4,4.67,1.1,,,4,7.53,10,5.66,,2.67,7.75,2.73,8.23,3.25,4.93,5.08
2019,COL,Colombia,6.82,92,3,6.35,18.41,7.48,9.76,6.58,26.97,7,39,7,39,7,7.8,7.04,5.41,5.17,5.13,4.17,4.24,3.11,9.06,4.33,0.94,4.93,9.36,3.19,9.46,1.35,9.29,3.53,5,8.28,9.27,1.09,8.92,5.4,6.37,9.07,8.19,4.77,3.89,4.33,8.56,4.17,1.54,9.96,5.22,6.57,10,8.41,10,9.47,8.9,3.67,6.67,10,4.82,1,5.84,2.8,6,9.53,5.15,8.75,7.14,6.56,7.29
2019,COM,Comoros,6.55,113,3,8.76,10.2,,,4.8,33.22,9,30,,,9,4.39,6.74,6.1,3.91,4.33,,3.82,1.65,6.93,,0.71,3.8,9.65,1.74,9.59,1.02,9.26,3.7,0,7.13,,,6.94,15.3,6.82,7.96,6.88,,6.37,6.37,10,1.65,4.17,10,5.27,7.13,,9.58,9,9.29,6.67,,,6,8.32,10,7.75,,2,8.86,5.07,9.17,8.88,6.8,7.94
2019,CPV,Cabo Verde,7.65,41,1,5.22,22.24,9.21,3.4,10,14.35,8,28,4,44,6,7.69,7.62,6.61,5.97,5.44,,6.23,6.06,8.92,5.55,1,6.4,9.65,1.73,9.66,0.86,9.78,1.11,10,9.77,7.55,3.68,7.96,10.2,4.74,13.16,6.75,5.11,6.66,5.88,10,8.2,9.23,0,5.81,7.11,10,9.48,10,9.83,3.9,4.66,6.65,8,5.07,1,4.88,4.53,6,9.58,6.4,9.27,7.98,7.29,7.33
2019,CRI,Costa Rica,7.68,40,1,5.43,21.53,8.75,5.09,9.44,16.96,9,25,4,44,6.5,7.56,7.54,7.27,6.28,6.61,10,6.01,3.52,8.67,6.03,0.88,6.4,9.74,-1.28,9.76,0.59,9.58,2.1,10,9.77,8.65,2.03,8.88,5.6,6.46,8.85,8,4.97,7.47,6.22,10,10,4.62,9.74,8.12,8.08,5,5.23,10,6.74,2.23,4.32,5.91,8,5.66,10,6.02,2.78,4.67,9.16,9.21,8.67,8.31,7.13,6.63
2019,CYP,Cyprus,7.89,24,1,5.76,20.4,6.28,14.16,10,13.05,7,35,6,37,6.5,7.71,7.25,6.93,6.42,6.62,8.33,7.69,4,7.3,6.4,0.88,6.32,7.93,10.37,9.48,1.3,9.95,0.25,10,9.34,9.13,1.3,8.98,5.1,6.49,8.77,8.2,6.79,9.32,8.05,10,10,6.15,8.74,8.3,8.64,10,10,10,10,5.57,4.95,6.29,10,10,1,6.3,4.45,9.11,9.75,7.9,5,8.66,7.48,7.93
2019,CZE,Czech Republic,7.87,27,1,3.11,29.43,5.05,18.65,9.57,16.49,9,22,5,45,7,8.45,6.64,6.75,6.38,6.23,10,7.49,4.28,8.17,6.64,1,6.99,6.97,15.13,9.52,1.19,9.43,2.85,10,8.98,9.13,1.3,8.98,5.1,6.49,8.77,8.2,6.55,9.98,8.26,10,10,3.08,8.74,7.27,8.43,10,10,9,9.67,8.9,4.24,7.82,10,7.76,10,8.12,2.91,8.22,9.2,8.25,6.91,7.42,7.15,8.31
2019,DEU,Germany,7.91,22,1,3.51,28.05,2.87,26.65,10,11.45,5,47,5,47,5,8.62,6,7.65,8,7.18,10,8.12,7.04,6.85,6.83,1,7.71,8.07,9.64,9.86,0.36,9.71,1.45,10,9.41,9.13,1.3,8.98,5.1,6.49,8.77,8.2,6.56,9.18,7.87,10,10,3.08,8.74,7.27,8.34,5,10,10,8.33,8.9,6.1,6.01,8,6.26,10,7.54,5.69,8.89,9.58,9.91,8.86,7.56,8.41,8.1
2019,DJI,Djibouti,6.68,105,3,4.35,25.22,,,5.62,30.34,8,30,4,43,6,8.82,6.2,4.6,2.8,4.33,,2.22,3.16,7.71,,0.65,3.41,,,9.48,1.31,9.34,3.32,10,9.6,,,5.82,20.9,6.66,8.36,6.24,,4.62,4.62,10,7,3.85,10,6.95,6.95,,,9,9,1.1,,,6,10,10,6.78,,1.56,9.13,1.71,8.53,9.15,6.01,7.26
2019,DNK,Denmark,8.17,10,1,1.74,34.1,5.01,18.8,10,14.69,3,52,2,56,2.5,7.47,5.34,8.55,8.43,8.33,10,9.15,6.57,9.73,8.09,1,8.61,8.79,-6.04,9.78,0.56,9.85,0.76,10,9.6,9.13,1.3,8.98,5.1,6.49,8.77,8.2,6.7,9.98,8.34,10,10,6.92,8.74,8.55,8.77,10,10,10,10,10,7.04,5.59,8,10,3,7.27,4.79,7.11,9.85,9.93,9.87,8.52,8.35,8.54
2019,DOM,Dominican Republic,7.58,51,2,7.64,14.03,9.6,1.97,10,10.36,9,25,7,33,8,8.59,8.77,4.25,4.13,5.46,5,4.34,3.53,8.26,3.02,1,4.75,9.23,3.84,9.39,1.54,9.64,1.81,10,9.56,8.81,1.78,8.48,7.6,5.96,10.11,7.75,5.48,8.88,7.18,10,8.2,5.38,10,7.86,8.2,5,9.19,10,8.06,5.57,4.42,6.07,8,2.78,10,6.14,3.27,5.11,9.33,2.69,7.55,6.45,5.73,6.65
2019,DZA,Algeria,4.9,162,4,3.52,28.03,7.82,8.51,4.61,33.88,7,35,2,53,4.5,2.63,4.62,4.16,4.49,5.13,3.33,4.37,4.39,6.63,6.35,0.71,4.14,6.84,-15.82,7.93,5.19,9.61,1.95,5,7.34,8.48,2.28,6.22,18.9,5.92,10.21,6.87,4.56,0.48,2.52,0,1.65,0,0.77,0.81,2.55,0,8.57,10,6.19,5.57,5.03,6.52,6,7.76,3,5.65,4.22,2.22,9.31,2.58,8.77,7.03,5.69,5.84
2019,ECU,Ecuador,6.68,105,3,6.08,19.34,9.59,2,8.07,21.75,7,35,4,48,5.5,6.29,7.11,3.89,3.91,4.46,2.5,4.71,4.31,8.82,4.64,1,4.66,9.99,0.05,9.25,1.88,9.95,0.27,5,8.55,6.53,5.2,7.54,12.3,4.93,12.67,6.34,3.89,5.24,4.57,10,7,1.54,10,6.18,6.77,8,8.73,10,8.91,4.43,2.56,6.22,6,0.65,10,4.98,2.47,3.11,8.1,5.81,8.76,2.56,5.14,6.34
2019,EGY,"Egypt, Arab Rep.",5.68,149,4,9.28,8.45,7.07,11.25,0.71,47.51,9,23,5,39,7,3.09,5.43,5.51,4.43,6.9,1.67,4.15,3.33,8.2,6.39,0.41,3.58,6.49,17.57,7.18,7.06,7.23,13.88,10,7.72,8.28,2.58,6.2,19,0,138.89,4.83,5.75,2.02,3.89,10,4.17,4.62,10,6.26,6.24,2,4.53,10,5.51,10,4.91,7.84,8,0.65,0,5.23,4.03,3.56,9.39,2.29,8.1,5.85,5.53,5.43
2019,ESP,Spain,7.89,24,1,4.48,24.76,4.81,19.53,10,10.53,5,45,5,45,5,7.78,6.42,7.03,6.9,6.31,8.33,8,5.29,7.75,8.86,1,7.31,8.13,9.33,9.82,0.46,9.86,0.7,10,9.45,9.13,1.3,8.98,5.1,6.49,8.77,8.2,6.61,9.98,8.29,10,10,3.08,8.74,7.27,8.44,10,8.75,10,9.58,3.9,3.71,6.8,8,5.07,10,6.25,3.14,7.56,9.52,9,8.51,8.4,7.69,7.84
2019,EST,Estonia,8.11,13,1,3.29,28.83,6.08,14.87,8.89,18.9,10,20,4,42,7,7.75,6.6,7.73,7.2,7.38,8.33,7.13,5.98,9.5,8.31,1,7.7,8.5,7.51,9.4,1.49,9.54,2.28,10,9.36,9.13,1.3,8.98,5.1,6.49,8.77,8.2,7.02,9.94,8.48,10,10,5.38,8.74,8.04,8.68,10,10,9,9.67,6.67,5.98,8.67,4,9.25,3,6.26,5.2,9.11,9.83,9.65,9.24,9.44,8.75,8.22
2019,ETH,Ethiopia,5.87,144,4,8.29,11.8,9.66,1.73,5.14,32,7,35,3,48,5,3.95,6.41,3.97,4.34,4.05,3.33,5.64,5.55,7.04,3.94,0.88,4.45,8.74,6.31,8.94,2.66,6.83,15.84,0,6.13,5.25,7.13,6.52,17.4,5.34,11.66,5.7,4.35,9.81,7.08,5.64,1.65,0,9.4,3.68,5.53,2,8.78,10,6.93,6.67,4.15,3.74,10,7.04,10,6.93,3.74,3.78,9.2,5.63,9.02,8.63,6.67,6.84
2019,FIN,Finland,7.92,21,1,2.79,30.5,4.07,22.25,9.16,17.94,3,48-54,2,54-59,2.5,7.17,5.14,8.56,8.67,9.34,10,8.91,6.29,7.52,9.54,1,8.6,7.96,10.19,9.79,0.53,9.8,1.02,10,9.39,9.13,1.3,8.98,5.1,6.49,8.77,8.2,7.94,9.13,8.54,10,10,3.08,8.74,7.27,8.5,10,9.6,10,9.87,3.9,4.32,2.8,8,10,3,5.34,6.49,8.22,9.56,8.93,9.86,8.99,8.67,7.96
2019,FJI,Fiji,6.54,114,3,4.79,23.73,9.5,2.32,4.46,34.4,5,49,5,49,5,6.32,6.01,4.12,6.14,4.5,,5.62,4.88,7.71,,0.88,5.17,9.68,1.58,9.1,2.25,9.65,1.77,0,7.11,6.7,4.95,7.76,11.2,0,31.36,4.82,3.83,6.53,5.18,10,1.65,0,10,3.88,5.97,10,9.3,10,9.77,8.9,,,10,8.27,10,9.29,,6.44,8.57,5.08,8.62,7.23,7.19,8.75
2019,FRA,France,7.55,53,2,2.92,30.06,2.45,28.22,9.87,15.47,4,51,2,61-62,3,7.16,5.08,7.14,7.4,7.03,8.33,7.79,5.64,6.81,7.1,1,7.15,8,10,9.88,0.31,9.78,1.11,10,9.41,9.13,1.3,8.98,5.1,6.49,8.77,8.2,6.01,9.98,8,10,10,5.38,8.74,8.04,8.56,8,8.72,10,8.91,2.23,4.45,6.63,4,8.13,10,5.91,4.28,7.78,9.86,9.33,7.44,8.44,7.86,7.56
2019,GAB,Gabon,5.8,147,4,5.12,22.59,9.45,2.53,10,10.16,5,40,2,53,3.5,5.9,6.79,4.07,3.52,4.17,3.33,4.82,2.92,4.86,2.78,0.41,2.69,9.11,-4.43,7.35,6.62,9.51,2.46,0,6.49,7.33,4,6.46,17.7,6.18,9.56,6.66,4.22,3.57,3.89,10,1.65,1.54,6.31,3.16,5.93,5,10,10,8.33,7.23,4.35,5.86,8,8.5,10,7.33,3.44,3.78,9.53,7.67,6.43,2.92,5.63,7.1
2019,GBR,United Kingdom,8.15,12,1,5.14,22.52,5.53,16.92,9.85,15.52,6,45,2,64,4,8.29,6.56,7.72,7.6,7.49,10,7.67,6.07,8.02,6.98,1,7.69,9.06,4.71,9.71,0.72,9.65,1.74,10,9.61,9.13,1.3,8.98,5.1,6.49,8.77,8.2,6.62,9.32,7.97,10,10,4.62,8.08,7.56,8.43,8,8.27,10,8.76,8.9,6.64,7.4,8,8.53,10,8.25,5.56,6.44,9.86,9.72,9.52,8.72,8.3,8.44
2019,GEO,Georgia,8.26,5,1,7.18,15.6,7.24,10.63,8.4,20.59,10,20,10,20,10,7.86,8.14,5.42,5.91,6.25,,5.63,6.8,9.98,7.07,1,6.72,8.04,9.81,9.67,0.83,9.03,4.85,10,9.18,9.91,0.14,9.72,1.4,8.72,3.21,9.45,6.5,9.58,8.04,10,10,6.92,10,8.97,9.12,10,9.16,10,9.72,6.67,5.79,7.08,8,9.25,3,6.63,6.08,8,9.95,7.26,9.89,7.58,8.13,8.16
2019,GHA,Ghana,6.69,102,3,8.41,11.4,9.13,3.69,10,11.99,8,30,4,41,6,8.1,8.33,6.27,4.58,5.4,5,5.47,3.72,7.37,5.09,0.94,5.21,8.61,6.96,8.3,4.24,8.56,7.18,0,6.37,8.11,2.83,7.58,12.1,7.05,7.38,7.58,5.63,3.96,4.8,10,0,3.85,6.08,3.31,6.42,8,7.06,10,8.35,10,5.61,6.31,8,0,10,6.65,4.76,4.89,9.45,3.12,8.14,7.47,6.3,7.1
2019,GIN,Guinea,5.62,151,4,7.2,15.52,,,0.62,47.82,5,40,2,52,3.5,5.86,4.29,4.33,3.55,3.99,0.83,3.6,5.39,7.59,5.3,0.82,3.94,9.06,4.7,7.78,5.54,8.11,9.47,5,7.49,9.26,1.11,7.58,12.1,7.05,7.38,7.96,4.08,1.91,3,10,0,0.83,2.66,1.16,5.53,,8.91,10,9.46,5.57,4.53,6.32,6,8.13,3,5.59,4.42,3.33,9.15,2.51,8.44,5.52,5.56,6.87
2019,GMB,"Gambia, The",7.04,82,2,9.21,8.7,9.58,2.04,0,53.14,9,25,9,25,9,7.51,7.06,6.18,5.86,5.05,3.33,5.85,3.76,6.06,6.53,0.88,5.01,9.72,1.41,9.51,1.23,8.58,7.12,10,9.45,5.24,7.14,7.58,12.1,7.05,7.38,6.62,5.46,4.8,5.13,8.49,10,7.69,0,5.9,6.53,10,2.51,8,6.84,10,5.17,6.86,10,5.51,10,7.92,5.45,4,9.22,6.61,8.09,6.35,6.62,7.13
2019,GNB,Guinea-Bissau,6.06,135,4,7.61,14.12,9.51,2.29,9.5,16.76,10,12,8,30,9,5.98,8.32,3.87,3.04,1.52,4.17,4.29,3.3,7.32,,0.41,2.77,9.6,1.99,7.36,6.6,9.95,0.25,0,6.73,6.49,5.26,7.58,12.1,7.05,7.38,7.04,5.12,4.33,4.73,10,1.65,0.77,10,4.14,6.48,10,7.13,5,7.38,3.33,,,8,2.52,3,4.21,,2.89,8.78,2.52,8.54,7.56,6.06,5.88
2019,GRC,Greece,7.15,78,2,5.21,22.28,4.22,21.72,7.47,23.85,4,55,1,68,2.5,7.67,5.41,6.18,4.84,5,8.33,6.95,3.07,7.93,5.12,1,5.93,7.57,12.15,9.68,0.79,9.95,0.25,10,9.3,9.13,1.3,8.98,5.1,6.49,8.77,8.2,6.24,9.44,7.84,10,7.48,0.77,8.74,5.66,7.93,10,10,9,9.67,5.57,4.6,5.58,6,5.51,3,5.04,2.62,5.56,9.86,7.05,7.98,7.84,6.82,7.18
2019,GTM,Guatemala,7.8,32,1,8.37,11.54,9.88,0.93,10,12.25,10,7,9,21,9.5,9.31,9.41,5.13,3.93,5.31,6.67,4.41,3.39,8.36,3.32,0.94,4.92,8.74,6.28,9.86,0.35,9.26,3.7,10,9.47,9.29,1.06,8.88,5.6,7.51,6.22,8.56,5.46,6.62,6.04,10,10,6.92,8.85,8.59,8.3,10,8.67,10,9.56,3.33,4.71,6.9,4,1.27,10,5.04,3.37,5.33,9.34,4.24,7.22,7.22,6.12,6.9
2019,GUY,Guyana,6.52,117,3,5.48,21.37,,,9.04,18.36,5,40,3,50,4,6.31,6.21,5.73,5.28,4.43,6.67,3.97,4.45,7.62,5.8,0.94,5.33,9,4.98,8.89,2.79,9.58,2.09,5,8.12,,,7.66,11.7,4.81,12.99,6.23,8.03,1.45,4.74,10,7.17,5.38,5.75,6.1,6.77,10,0,9,6.33,8.9,7.99,8.75,4,7.41,10,7.84,7.13,4,9.32,6.08,7.52,7.13,6.87,7.01
2019,HKG,"Hong Kong SAR, China",8.91,1,1,7.77,13.57,9.29,3.12,7.36,24.25,10,17,10,17,10,7.67,8.42,7.8,8.64,8.71,6.67,6.42,6.13,6.95,8.93,1,7.53,9.86,0.68,9.67,0.81,9.43,2.86,10,9.74,9.99,0.01,10,0,10,0,10,8.32,9.67,8.99,10,10,7.69,10,9.23,9.56,10,9.77,10,9.92,10,8.06,8.63,10,9.5,10,9.37,7.31,9.33,9.95,5.44,9.79,9.61,8.57,9.29
2019,HND,Honduras,7.26,70,2,7.54,14.37,10,0.2,9.66,16.19,9,27,9,27,9,8.48,8.94,4.57,3.8,4.43,4.17,3.95,2.64,7.59,3.51,0.94,4.2,9.05,4.74,9.35,1.62,9.13,4.37,10,9.38,9.46,0.81,8.86,5.7,7.04,7.41,8.45,5.19,4.1,4.64,10,1.65,2.31,8.85,4.27,6.84,10,10,9,9.67,0,4.56,5.74,8,2.52,10,5.14,2.97,4.22,8.36,4.13,8.75,7.72,6.02,6.94
2019,HRV,Croatia,7.36,62,2,4.29,25.43,5.41,17.35,8.43,20.48,5,36-42,1,56-60,3,6.66,5.56,5.48,5.03,4.59,8.33,6.65,4.64,8.39,5.44,1,6.07,8.02,9.92,9.66,0.84,9.85,0.77,10,9.38,9.13,1.3,8.98,5.1,6.49,8.77,8.2,6.72,9.98,8.35,10,7,4.62,8.74,6.78,8.33,8,10,10,9.33,5.57,2.64,6.72,6,7.51,10,6.41,1.58,6.89,9.29,5.89,8.52,7.69,6.64,7.46
2019,HTI,Haiti,6.51,118,3,9.73,6.93,9.92,0.81,6.25,28.13,8,30,7,31,7.5,8.43,8.36,3.58,3.22,2.68,0,2.62,3.88,2.76,2.39,0.82,2.41,7.59,12.05,8.55,3.64,6.26,18.7,5,6.85,,,8.24,8.8,5.78,10.56,7.01,3.71,7.27,5.49,10,10,6.15,10,8.72,7.8,8,9.14,9,8.71,6.67,4.65,6.94,10,10,10,8.04,2.32,0.67,4.97,2.21,9.3,7.94,4.57,7.11
2019,HUN,Hungary,7.53,54,2,3.36,28.58,6.02,15.11,7.92,22.27,10,15,4,41,7,5.35,5.93,5.33,5.73,4.95,10,5.88,4.62,8.03,5.91,1,6.31,9.43,-2.87,9.31,1.73,9.33,3.34,10,9.52,9.13,1.3,8.98,5.1,6.49,8.77,8.2,5.71,9.97,7.84,10,10,3.85,8.74,7.53,8.39,8,9.28,9,8.76,7.23,5.02,6.24,4,7.76,10,6.71,3.3,7.33,9.61,7.03,7.78,6.9,6.99,7.49
2019,IDN,Indonesia,7.26,70,2,7.9,13.13,9.56,2.12,10,11.8,8,30,7,35,7.5,5.86,8.16,5.89,5.13,6.15,4.17,4.97,4.33,6.69,5.62,0.82,4.9,9.63,-1.84,9.52,1.19,9.39,3.03,10,9.64,9.52,0.72,8.38,8.1,5.76,10.61,7.89,5.53,4.38,4.96,10,4.17,1.54,10,5.23,7.02,5,9.28,10,8.09,1.1,5.83,6.34,10,0,5,4.71,5.08,5.33,9.54,6.1,7.65,7.86,6.93,6.58
2019,IND,India,6.66,108,3,6.87,16.63,8.44,6.22,7.31,24.42,7,43,7,43,7,8.11,7.55,6.23,5.87,5.69,6.67,6.33,4.43,6.34,5.34,0.88,5.52,7.76,11.2,9.51,1.22,8.47,7.66,5,7.68,9.09,1.37,6.48,17.6,2.68,18.3,6.08,5.76,7.35,6.55,10,1.65,0,0.77,0.81,5.86,2,7.46,10,6.49,6.67,5.26,6.28,4,6.3,10,6.42,5.18,5.33,9.37,6.4,9.18,7.18,7.11,6.67
2019,IRL,Ireland,8.21,7,1,3.47,28.2,7.58,9.37,10,5.04,6,40,4,50,5,7.56,6.72,7.83,7.15,7.89,10,8.78,4.72,7.27,7.81,1,7.68,8.97,5.13,9.22,1.96,9.81,0.94,10,9.5,9.13,1.3,8.98,5.1,6.49,8.77,8.2,6.73,9.09,7.91,10,10,7.69,8.74,8.81,8.73,8,10,9,9,8.9,5.14,7.15,10,6.37,10,7.93,4.9,8.44,9.65,9.26,8.24,9.09,8.26,8.4
2019,IRN,"Iran, Islamic Rep.",5.06,160,4,6.19,18.95,7.99,7.88,7.95,22.18,7,35,7,35,7,4.15,6.65,3.46,3.32,4.22,6.67,4.81,4.62,8.17,5.13,0.41,3.56,9.57,-2.14,3.15,17.13,2.02,39.91,10,6.18,7.52,3.72,5.98,20.1,2.6,18.49,5.37,4.94,4.39,4.66,0,0,0.83,10,3.61,3.41,0,9.22,10,6.41,7.77,3.88,5.31,8,2.52,1,4.74,2.4,0,7.67,5.67,8.79,7.58,5.35,5.5
2019,IRQ,Iraq,5.74,148,4,3.62,27.68,7.86,8.36,0.01,49.95,10,15,8,28,9,4.76,5.05,5.16,3.58,,2.5,3.24,4.84,6.64,,0.47,3.18,8.18,-9.11,2.68,18.29,9.96,-0.2,10,7.71,9.7,0.45,,,,,9.7,6.37,0.46,3.42,8.99,,2.31,1.32,1.81,5.98,,10,9,9.5,2.23,,,6,6.55,10,6.19,,0,8.74,1.67,8.2,6.5,5.02,6.91
2019,ISL,Iceland,7.9,23,1,2.24,32.39,7.67,9.06,10,12.33,4,46,3,54,3.5,7.18,6.12,7.93,8.39,8.2,10,8.54,6.78,8.75,9.02,1,8.45,9.63,1.84,9.16,2.11,9.4,3.01,10,9.55,9.91,0.13,9.38,3.1,4.1,14.76,7.8,5.47,8.78,7.12,10,7,2.31,8.74,6.01,7.73,2,9.41,10,7.14,5.57,7.15,4.7,8,10,10,7.57,5,8,9.59,9.03,9.55,8.43,8.27,7.66
2019,ISR,Israel,7.63,43,2,3.11,29.42,6.48,13.43,10,12.32,5,50,5,50,5,7.58,6.43,6.91,7.12,7.4,4.17,7.74,4.61,6.93,6.82,0.88,6.08,9.62,1.88,9.59,1.03,9.83,0.84,10,9.76,9.75,0.38,9.28,3.6,6.26,9.36,8.43,5.79,7.4,6.59,10,10,6.15,10,8.72,8.43,10,8.41,10,9.47,8.9,5.8,6.97,8,2.52,0,5.36,4.22,8.22,9.62,7.45,7.65,7.38,7.42,7.42
2019,ITA,Italy,7.61,47,2,4.78,23.74,3.51,24.33,10,12.73,4,44-47,1,61-63,2.5,7.81,5.72,6.13,5.19,5.63,10,6.62,3.54,8.25,6.41,1,6.47,7.8,10.99,9.94,0.14,9.88,0.61,10,9.41,9.13,1.3,8.98,5.1,6.49,8.77,8.2,6.02,9.98,8,10,10,6.92,8.74,8.55,8.69,10,9.26,10,9.75,5.57,3.33,3.82,8,10,10,6.79,1.76,7.11,9.5,7.29,7.82,7.33,6.8,7.78
2019,JAM,Jamaica,7.71,39,1,7.35,15.01,8.38,6.45,10,12.39,8,30,5,40,6.5,8.85,8.22,6.71,5.82,5.74,8.33,5.01,3.27,8.72,4.25,0.94,5.81,8.59,7.05,9.46,1.35,9.22,3.91,10,9.32,7.43,3.86,8.28,8.6,5.49,11.27,7.07,6.13,5.7,5.91,10,4.17,1.54,10,5.23,7.05,10,10,9,9.67,8.9,4.72,6.97,10,6.55,10,7.86,3.72,6,9.86,6.81,8.63,7,7,8.17
2019,JOR,Jordan,7.59,50,2,7.11,15.81,7.19,10.82,9.05,18.32,9,30,7,45,8,7.86,7.84,5.98,5.98,6.69,5.83,5.85,3.73,6.72,7.98,0.41,4.3,9.83,0.86,9.82,0.45,9.85,0.76,10,9.87,9.33,1.01,7.98,10.1,3.94,15.15,7.08,5.82,6.73,6.27,10,10,6.15,10,8.72,8.02,10,6.2,10,8.73,7.77,5.48,7.19,6,10,10,7.74,4.64,5.56,9.35,5.12,9.82,8.92,7.23,7.9
2019,JPN,Japan,7.98,18,1,3.94,26.62,4.16,21.92,9.83,15.59,3,56,3,56,3,9.37,6.06,7.88,7.9,8.69,8.33,8.11,5.54,8.01,8.72,0.94,7.67,8.6,6.98,9.64,0.91,9.9,0.48,10,9.54,9.64,0.54,9.08,4.6,3.23,16.93,7.32,6.26,8.73,7.49,10,10,8.46,6.86,8.44,8.31,8,8.08,10,8.69,8.9,4.17,7.92,8,10,10,8.17,5.01,8.44,9.56,8.18,9.15,8.56,8.15,8.34
2019,KAZ,Kazakhstan,7.52,55,2,7.37,14.94,8.1,7.48,9.37,17.19,10,10,8,29,9,5.31,7.83,4.24,4.11,5.64,8.33,4.92,5.04,9.91,5.24,0.88,5.58,9.21,3.96,8.31,4.23,8.95,5.24,10,9.12,6.71,4.94,8.78,6.1,7.58,6.04,7.69,5.8,4.89,5.34,10,1.65,6.92,7.85,5.48,7.13,8,9.79,10,9.26,10,5.27,7.85,10,9.25,3,7.56,4.94,6.22,9.84,4.17,9.24,7.92,7.05,7.96
2019,KEN,Kenya,6.94,86,3,7.75,13.66,9.57,2.08,0.47,48.34,8,30,8,30,8,7.83,6.72,5.24,4.54,4.97,5.83,5.08,4.42,7.24,4.86,0.88,4.96,9.78,1.08,8.84,2.9,8.96,5.2,10,9.4,7.55,3.68,7.32,13.4,4.8,13,6.56,5.17,5.49,5.33,10,7,3.85,3.87,4.9,6.7,10,0.29,10,6.76,6.67,5.16,6.64,8,6.3,10,7.13,4.78,4.22,9.03,6.82,8.32,7.99,6.86,6.92
2019,KGZ,Kyrgyz Republic,7.17,77,2,6.76,17,7.21,10.75,,,10,10,7,32,8.5,7.11,7.4,4.7,4.15,4.28,,5.24,4.52,9.87,3.75,0.88,4.91,8.45,7.73,9.22,1.95,9.77,1.13,10,9.36,7.83,3.25,8.68,6.6,7.6,6.01,8.04,5.1,6.05,5.58,10,5.35,1.54,7.97,4.95,7.14,8,9.93,8,8.64,5,4.34,7.39,10,7.76,1,5.91,3.92,4.22,9.67,5.59,8.19,7.53,6.52,7.03
2019,KHM,Cambodia,7.22,72,2,9.86,6.48,9.53,2.24,4.62,33.84,10,20,10,20,10,7.84,8.37,3.23,3.37,4.5,,1.72,1.82,7.55,3.73,1,3.7,7.95,10.26,9.64,0.89,9.6,2.01,10,9.3,8.58,2.13,7.78,11.1,6.45,8.88,7.6,5.66,4,4.83,10,10,5.38,10,8.46,7.72,,10,9,9.5,6.67,5.07,5.72,10,6.3,5,6.46,4.27,4.67,6.04,2.32,4.99,8.06,5.06,7.01
2019,KOR,"Korea, Rep.",7.61,47,2,4.09,26.11,6.89,11.93,9.41,17.06,5,46,5,46,5,7.22,6.52,6.04,6.84,6.69,6.67,7.54,6.88,8.22,7.24,0.88,6.6,8.93,5.35,9.44,1.41,9.92,0.38,10,9.57,9.59,0.62,7.28,13.6,0,56.71,5.62,5.63,9.58,7.6,10,10,6.15,10,8.72,7.99,8,10,10,9.33,5.57,4.24,6.31,10,2.52,0,4.77,3.76,9.11,9.59,7.88,9.99,8.05,8.06,7.39
2019,KWT,Kuwait,6.72,98,3,1.08,36.31,6.9,11.89,6.46,27.4,10,0,10,20,10,5.38,5.96,6.17,6.13,5.73,8.33,6.24,5.07,9.51,6.6,0.47,4.94,8.98,5.1,3.29,16.78,9.78,1.09,10,8.01,9.38,0.93,9.06,4.7,7.88,5.31,8.77,5.21,4.1,4.65,10,7,3.85,6.31,5.72,7.29,10,10,10,10,10,5.41,6.35,4,4.39,3,5.52,4.83,2.44,9.36,4.94,9.23,8.9,6.62,7.38
2019,LAO,Lao PDR,6.6,111,3,6.74,17.09,9.86,1.02,6.55,27.09,9,24,9,24,9,3.08,7.05,5.29,4.05,4.59,,2.52,3.08,8.45,5.37,1,4.76,6.1,19.49,9.44,1.4,9.34,3.32,5,7.47,9.02,1.47,8.28,8.6,7.11,7.22,8.14,5.52,7.45,6.49,10,1.65,1.54,10,4.4,7.25,,8.25,10,9.13,5.57,4.46,6.61,10,1.02,1,4.78,4.38,3.33,6.62,3.51,9.41,5.94,5.53,6.48
2019,LBN,Lebanon,6.76,95,3,7.39,14.87,7.51,9.65,10,5.88,10,25,8,31,9,6.72,8.12,4.57,3.93,5.08,3.33,4.26,3.16,7.33,4.64,0.82,4.14,8.53,7.34,8.84,2.9,9.4,3.01,10,9.19,9.1,1.35,8.86,5.7,5.42,11.46,7.79,4.89,3.12,4,6.78,4.48,1.54,9.18,5.07,5.91,10,0,10,6.67,5.57,4.85,6.4,8,10,10,7.47,3.55,0.89,8.94,3.64,6.4,7.97,5.23,6.46
2019,LBR,Liberia,6.35,122,3,7.38,14.92,8.64,5.47,4.11,35.63,9,25,8,30,8.5,7.11,7.15,5.55,3.5,4.16,5,4.06,2.87,4.8,4.38,1,4.29,8.27,8.66,8.58,3.56,4.61,26.97,10,7.86,6.43,5.35,7.58,12.1,7.05,7.38,7.02,4.67,0,2.33,10,7.17,8.46,1.55,5.73,6.27,8,0,9,5.67,6.67,4.55,5.91,8,3.09,10,6.37,4.62,2.89,9.36,4.16,9.46,8.44,6.49,6.17
2019,LBY,Libya,4.79,163,4,0,57.73,,,,,10,14,9,25,9.5,5.44,4.98,4.44,2.49,3.28,5,5.01,3.62,,4.66,0.71,3.47,8.75,6.24,4.23,14.42,9.09,4.56,10,8.02,,,,,,,,5.75,4.26,5.01,0,1.65,0.77,0.22,0.88,1.96,,10,7,8.5,7.23,4.35,6.7,8,4.39,10,6.78,4.27,0,8.52,0.77,,0.03,2.72,6
2019,LKA,Sri Lanka,6.78,94,3,8.24,11.99,8.8,4.92,9.08,18.23,9,24,8,26,8.5,6.78,8.28,6.21,5.7,4.56,5,5.52,3.61,7.59,4.93,0.88,5.07,9.6,2.01,8.87,2.82,9.29,3.53,5,8.19,7.17,4.24,8.14,9.3,1.74,20.65,5.68,4.81,6.23,5.52,10,1.65,0,0.33,0.66,5.47,5,6.76,10,7.25,10,4.67,6.29,8,0,10,6.49,3.38,6,9.65,4.38,9.52,8.55,6.91,6.89
2019,LSO,Lesotho,6.57,112,3,1.8,33.89,8.57,5.76,3.35,38.26,8,30,8,30,8,7.31,5.81,5.73,4.79,4.44,,5.82,3.93,6.49,6.38,0.94,5.21,9.39,3.03,8.69,3.27,8.96,5.19,5,8.01,7.67,3.49,8.46,7.7,5.6,11.01,7.24,3.35,9.81,6.58,10,1.65,1.54,4.43,2.54,6.59,10,7.11,9,8.7,6.67,4.28,4.37,8,6.55,10,6.64,4.45,4.67,9.46,5.38,7.91,6.33,6.37,7.24
2019,LTU,Lithuania,8.21,7,1,5.38,21.7,6.2,14.44,10,14.42,9,27,8,34,8.5,8.2,7.66,7.11,6.19,6.2,8.33,6.75,6.24,9.67,6.96,1,7.18,8.43,7.83,9.35,1.64,9.53,2.33,10,9.33,9.13,1.3,8.98,5.1,6.49,8.77,8.2,6.16,9.78,7.97,10,9.4,6.92,8.74,8.35,8.63,10,10,10,10,7.23,4.97,8.31,8,8.5,3,6.67,3.8,9.33,9.77,7.36,9.71,8.94,8.15,8.27
2019,LUX,Luxembourg,7.84,30,1,0.97,36.7,4.87,19.32,7.69,23.08,6,45,6,45,6,8.37,5.58,8.09,7.87,8.49,10,8.66,7.46,6.18,8.59,1,8.17,8.27,8.67,9.28,1.79,9.65,1.74,10,9.3,9.13,1.3,8.98,5.1,6.49,8.77,8.2,7.44,9.98,8.71,10,,3.08,8.74,5.91,8.2,8,10,9,9,2.23,5.67,6.78,6,8.5,10,6.53,5.89,7.11,9.4,9.68,8.39,9.38,8.31,7.95
2019,LVA,Latvia,7.94,20,1,4.62,24.3,6.16,14.61,7.82,22.64,7,31,4,47,5.5,8.11,6.44,6.87,6.16,6.18,8.33,7.67,5.53,9.03,6.2,1,7,8.47,7.67,9.33,1.66,9.44,2.81,10,9.31,9.13,1.3,8.98,5.1,6.49,8.77,8.2,6.76,9.42,8.09,10,10,6.92,8.74,8.55,8.71,10,9.82,8,9.27,5,5.06,8.03,10,7.76,10,7.64,4.25,9.11,9.81,8.18,7.79,8.11,7.88,8.26
2019,MAR,Morocco,6.69,102,3,4.34,25.24,8.24,6.96,8.81,19.17,5,38,3,46,4,7.29,6.54,5.94,5.58,7.16,6.67,5.85,4.88,7.52,8.08,0.76,5.7,9.46,2.68,9.84,0.39,9.96,0.2,0,7.32,9.32,1.02,7.72,11.4,3.48,16.3,6.84,6.74,8.08,7.41,10,1.65,0.77,7.63,3.35,6.9,8,8.53,10,8.84,1.1,4.72,7.26,8,5.29,3,4.89,5.23,6,9.67,4.29,9.97,8.26,7.24,6.99
2019,MDA,Moldova,7.3,66,2,7.54,14.35,6.68,12.69,10,14.38,10,12,5,36,7.5,7.37,7.82,4.86,4.63,4.89,6.67,6,4.32,9.57,4.42,1,5.67,8.77,6.17,9.16,2.1,9.03,4.84,5,7.99,9.35,0.98,8.94,5.3,7.8,5.51,8.69,6.12,8.79,7.46,10,1.65,0.77,10,4.14,7.57,10,9.14,10,9.71,5.57,4.72,7.58,6,6.79,3,5.61,4.02,7.11,9.83,6.73,6.38,7.95,7,7.44
2019,MDG,Madagascar,6.33,124,3,6.81,16.83,9.33,2.97,6.99,25.54,10,20,7,34,8.5,7.1,7.75,4.08,3.41,3.68,1.67,3.91,2.96,5.15,2.5,0.76,3.02,8.63,6.84,9.57,1.09,8.88,5.61,5,8.02,8.06,2.91,7.68,11.6,7.26,6.84,7.67,4.83,5.09,4.96,10,1.65,0.77,10,4.14,6.69,10,9.2,5,8.07,0,4.49,7.22,8,7.12,1,4.64,3.13,3.33,9.43,3.79,7.69,7.95,5.89,6.2
2019,MEX,Mexico,7.2,75,2,7.38,14.9,8.75,5.07,10,12.63,8,35,8,35,8,7.27,8.28,4.72,4.28,5.19,5,3.5,5.07,7.33,2.47,1,4.69,8.99,5.03,9.54,1.14,9.27,3.64,5,8.2,9.76,0.36,8.58,7.1,5.85,10.37,8.06,6.11,8.46,7.29,10,7,2.31,7.19,5.5,7.71,8,9.02,10,9.01,6.67,4.05,7,8,4.82,3,5.59,3.11,5.78,9.57,4.85,9.56,7.3,6.7,7.1
2019,MKD,North Macedonia,7.13,79,2,6.59,17.61,5.08,18.55,8.12,21.57,10,10,7,35,8.5,7.84,7.23,3.72,3.89,4.31,,4.83,3.95,8.38,3.91,0.94,4.57,8.01,9.95,9.24,1.91,9.85,0.77,5,8.02,9.59,0.62,8.66,6.7,6.54,8.64,8.26,4.95,9.61,7.28,10,4.48,3.08,8.74,5.43,7.74,10,9.37,10,9.79,7.23,4.33,5.74,8,7.38,10,7.11,3.31,8.89,9.49,4.67,9.43,8.67,7.41,8.1
2019,MLI,Mali,5.83,146,4,6.6,17.55,9.9,0.88,1.85,43.54,5,37,2,53,3.5,7.61,5.89,5.25,3.89,4,3.33,5.08,2.63,5.8,3.96,0.65,3.49,9.96,-0.19,9.82,0.46,9.67,-1.66,0,7.36,8.01,2.98,7.58,12.1,7.05,7.38,7.55,4.56,5.3,4.93,10,1.65,0.77,2.77,1.73,6.05,10,8.11,5,7.7,5.57,4.89,5.45,8,7.57,0,5.25,4.01,3.33,9.05,4.29,8.88,6.91,6.08,6.34
2019,MLT,Malta,8.03,15,1,3.84,26.95,7.22,10.71,10,10.43,7,35,7,35,7,6.81,6.97,6.55,6.78,6.82,10,7.3,5.35,5.24,5.29,0.94,6.47,8.59,7.06,9.88,0.31,9.67,1.64,10,9.53,9.13,1.3,8.98,5.1,6.49,8.77,8.2,7.05,8.92,7.98,10,10,7.69,8.74,8.81,8.75,10,10,10,10,7.23,5.16,7.32,8,10,10,7.95,4.79,6.67,9.27,6.85,8,8.44,7.34,8.43
2019,MMR,Myanmar,5.94,143,4,4.49,24.72,9.89,0.92,7.87,22.47,9,25,9,25,9,5.85,7.42,4.31,4.14,3.23,3.33,5.07,1.87,7.36,3.1,0.88,3.81,9.98,0.09,9.15,2.13,8.23,8.83,0,6.84,9.72,0.42,8.7,6.5,7.35,6.63,8.59,,0.89,0.89,10,0,0.77,1,0.59,5.02,0,8.04,9,5.68,8.9,,,8,4.01,0,5.23,,6.22,9.64,6.05,9.48,6.84,7.65,6.18
2019,MNE,Montenegro,7.64,42,2,5.89,19.96,,,5.18,31.88,10,12,4,42,7,7.58,6.41,6.13,5.78,5.56,,5.9,4.8,7.68,5.89,0.82,5.44,9.82,0.9,9.34,1.66,9.93,0.36,10,9.77,7.8,3.3,9.26,3.7,7.93,5.18,8.33,5.73,9.29,7.51,10,,6.92,9.51,8.22,8.51,10,8.49,10,9.5,6.67,5.12,6.47,10,7.76,10,7.67,5,7.11,9.6,4.96,9.25,6.64,7.09,8.09
2019,MNG,Mongolia,7.38,61,2,6.43,18.14,7.53,9.57,7.4,24.11,10,10,8,28,9,6.97,7.47,5.28,4.53,4.27,8.33,5.51,6.25,9.11,5.05,1,6.04,7,14.98,8.32,4.19,8.54,7.3,10,8.47,8.85,1.72,8.96,5.2,9,2.5,8.94,4.99,2.59,3.79,10,8.35,5.38,2.54,5.43,7.04,,10,10,10,8.9,4.65,7.79,6,9.25,3,6.6,3.01,6.22,9.6,6.48,8.68,8.5,7.08,7.89
2019,MOZ,Mozambique,6.15,132,4,4.56,24.51,9.55,2.16,2.43,41.48,7,32,5,38,6,5.24,5.55,4.53,3.82,3.81,7.5,4.92,1.76,7.54,2.89,0.94,4.46,7.84,10.82,8.02,4.94,9.44,2.78,5,7.58,9.13,1.31,7.94,10.3,7.03,7.42,8.03,4.08,7.4,5.74,10,1.65,0,10,3.88,6.91,10,9.92,9,9.64,3.33,3.63,5.44,6,0,0,3.07,3.3,3.78,8.33,3.74,8.98,7.76,5.98,6.23
2019,MRT,Mauritania,6.49,120,3,6.32,18.51,,,8.73,19.44,5,40,5,40,5,7.28,6.83,3.76,3.66,3.2,,3.17,6.27,7.59,6.23,0.47,3.56,9.61,1.96,8.4,4,9.54,2.3,5,8.14,,,7.58,12.1,7.19,7.02,7.39,3.3,5.57,4.43,10,1.65,3.33,10,4.99,6.7,10,10,9,9.67,5.57,3.45,6.02,8,7.94,5,6,2.54,2.67,9.64,4.88,9.21,6.97,5.99,7.22
2019,MUS,Mauritius,8.16,11,1,6.82,16.8,8.39,6.42,6.5,27.25,10,15,10,15,10,7.82,7.91,6.94,6.43,7.19,,6.59,5.25,9.48,6.14,1,6.86,8.48,7.62,9.75,0.61,9.92,0.41,10,9.54,9.81,0.29,9.84,0.8,8.58,3.55,9.41,6.5,8.54,7.52,10,7,4.62,10,7.2,8.53,8,5.81,10,7.94,6.67,5.98,6.24,10,8.5,10,7.9,5.02,8.44,9.85,7,9.36,8.43,8.02,7.95
2019,MWI,Malawi,5.96,141,4,7.37,14.93,9.79,1.28,1.31,45.41,7,35,4,45,5.5,7.61,6.32,5.47,4.52,4.86,5.83,5.81,2.33,8.55,4.32,0.88,4.91,7.2,13.98,7.6,6.01,8.13,9.37,5,6.98,8.45,2.32,7.56,12.2,6,10,7.34,5.83,5.02,5.42,2.86,1.65,1.54,10,4.4,5,10,4.03,6,6.68,4.43,4.48,6.89,10,5.68,10,6.91,4.4,3.11,8.47,4.53,8.41,8.11,6.17,6.59
2019,MYS,Malaysia,7.52,55,2,6.96,16.35,8.05,7.66,6.51,27.21,9,28,9,28,9,4.7,7.04,6.32,6.83,7.52,8.33,5.93,5.73,8.63,7.38,0.65,5.83,4.55,27.27,9.32,1.69,9.87,0.66,10,8.43,9.84,0.24,8.88,5.6,4.71,13.22,7.81,6.89,8.54,7.72,10,4.17,0.77,10,4.98,7.63,10,9.09,10,9.7,10,6.67,7.33,10,4.24,10,8.04,6.67,9.56,9.32,6.02,10,8.05,8.27,8.67
2019,NAM,Namibia,6.76,95,3,4.07,26.15,8.65,5.47,8.1,21.64,6,37,6,37,6,6.83,6.73,6.69,6.26,6.73,10,7.17,4.82,4.63,5.43,0.94,6.28,9.9,-0.48,8.5,3.76,9.26,3.72,0,6.91,2.79,10.81,8.46,7.7,5.53,11.17,5.6,5.41,5.27,5.34,10,1.65,0.77,10,4.14,6.27,10,3.6,10,7.87,10,4.63,6.15,10,8.27,10,8.17,4.8,4.22,8.18,8.95,8.31,6.61,6.85,7.63
2019,NER,Niger,5.97,139,4,5.84,20.16,9.84,1.09,4.15,35.48,7,35,3,46,5,7.49,6.46,5.36,4.7,4.21,3.33,4.48,4.4,7.32,,0.53,3.69,9.26,-3.68,9.52,1.19,9.5,-2.49,0,7.07,3.82,9.27,7.58,12.1,7.05,7.38,6.15,6.42,4.38,5.4,10,1.65,0.77,2.1,1.51,5.76,10,8.5,5,7.83,1.67,,,8,7.38,0,4.26,,4.89,9.56,6.83,9.26,6.97,7.5,6.53
2019,NGA,Nigeria,6.97,84,3,9.58,7.42,9.87,0.99,8.27,21.07,9,24,5,38,7,6.95,8.33,4.88,3.29,4.04,3.33,4.21,5.09,4.55,3.05,0.82,3.7,8.92,5.4,8.65,3.38,7.72,11.4,10,8.82,,,7.58,12.1,7.05,7.38,7.31,6.31,0.57,3.44,10,3,5.38,2.1,3.5,6.06,10,7.95,10,9.32,10,6.06,7.72,10,10,10,8.96,2.85,2,9.49,3.4,9.2,6.15,5.52,7.93
2019,NIC,Nicaragua,7.04,82,2,6.52,17.83,10,0.42,3.25,38.63,8,30,3,47,5.5,6.01,6.26,2.69,2.82,4,4.17,3.36,5.14,6.97,5.09,1,4.28,9.86,-0.72,9.34,1.64,8.92,5.38,10,9.53,9.64,0.54,8.86,5.7,7.04,7.41,8.51,5.06,6.07,5.57,10,10,5.38,10,8.46,8.13,10,9.79,9,9.6,6.67,4.98,5.53,2,6.26,10,5.91,3.32,3.56,8.86,2.06,7.24,7.75,5.46,6.99
2019,NLD,Netherlands,7.96,19,1,1.21,35.89,3.89,22.94,9.7,16.04,3,52,3,52,3,7.76,5.11,8.16,8.55,8.48,10,8.77,6.57,7.95,8.32,1,8.35,8.04,9.81,9.53,1.18,9.47,2.63,10,9.26,9.13,1.3,8.98,5.1,6.49,8.77,8.2,7.15,9.98,8.56,10,10,8.46,8.74,9.07,8.96,5,10,10,8.33,6.67,6.4,5.18,10,7.53,10,7.63,5.66,9.11,9.85,8.76,8.29,8.67,8.39,8.12
2019,NOR,Norway,7.72,37,1,1.39,35.26,4.75,19.78,7.82,22.61,6,38,3,53,4.5,7.08,5.11,8.4,8.33,7.93,10,9,7.3,9.12,7.98,1,8.51,9.37,-3.14,8.6,3.5,9.57,2.17,10,9.38,9.91,0.14,8.8,6,0,27.78,6.24,5.41,9.85,7.63,10,10,4.62,8.74,7.78,7.91,10,10,8,9.33,7.23,4.54,4.73,6,10,0,5.42,4.75,7.78,9.85,9.58,9.13,9.11,8.37,7.71
2019,NPL,Nepal,6.71,99,3,7.57,14.27,9.21,3.41,8.49,20.29,5,36,5,36,5,7.8,7.61,5.09,3.76,4.7,,5.86,3.34,7.98,5.1,0.94,4.97,9.8,1.02,9.41,1.48,8.89,5.57,0,7.02,5,7.5,7.56,12.2,5.27,11.83,5.94,4.86,7.94,6.4,10,1.65,0,10,3.88,6.56,8,8.98,10,8.99,6.67,4.03,5.6,10,2.6,10,6.48,3.55,6.22,9.07,6.2,8.98,5.77,6.63,7.37
2019,NZL,New Zealand,8.56,3,1,4.52,24.65,6.38,13.8,7.34,24.31,7,33,7,34,7,7.75,6.6,8.66,8.53,8.09,10,8.41,7.18,9.9,8.68,1,8.68,9.92,0.39,9.54,1.14,9.68,1.62,10,9.78,8.88,1.68,9.6,2,8.94,2.64,9.14,7.45,8.74,8.09,10,10,6.92,6.53,7.82,8.76,10,10,9,9.67,8.9,5.28,7.62,10,10,10,8.63,5.19,9.11,9.98,9.65,9.4,8.43,8.63,8.98
2019,OMN,Oman,6.69,102,3,0.69,37.66,8.13,7.35,1.79,43.75,10,0,10,17,10,4.94,5.11,6.03,7.01,7.69,8.33,6.7,5.04,7.69,8.55,0.47,5.24,7.76,-11.22,5.2,12.01,9.97,0.13,10,8.23,9.63,0.56,8.88,5.6,4.98,12.54,7.83,6.02,8.56,7.29,10,10,5.38,0.55,5.31,7.61,10,5.48,7,7.49,8.9,5.42,7.15,2,,10,6.69,5.66,5.78,9.82,6.55,8.88,9.24,7.65,7.28
2019,PAK,Pakistan,5.95,142,4,8.11,12.41,9.22,3.37,9.47,16.87,7,35,7,35,7,7.34,8.23,5.33,3.55,4.71,2.5,4.22,3.5,6.64,4.73,0.65,3.62,7.94,10.29,8.8,2.99,7.88,10.58,0,6.16,7.93,3.1,7.58,12.1,5.6,11.01,7.04,4.99,4.33,4.66,10,1.65,0.77,0.55,0.99,5.67,8,2.71,10,6.9,1.1,5.37,5.48,6,2.6,10,5.09,4.65,5.11,9.4,2.05,8.87,6.83,6.15,6.05
2019,PAN,Panama,7.79,33,1,6.24,18.79,8.56,5.8,9.74,15.92,9,25,4,42,6.5,7.42,7.69,4.53,4.88,5.84,8.33,5.02,2.69,8.82,5.46,0.94,5.53,9.86,0.69,9.64,0.91,9.93,-0.36,10,9.86,9.56,0.66,8.98,5.1,6.37,9.08,8.3,5.87,8.9,7.39,10,10,10,10,10,8.92,8,8.81,10,8.94,2.23,3.63,5.99,4,4.13,10,5,3.95,6.67,9.75,6.65,9.2,5.43,6.94,6.96
2019,PER,Peru,7.78,35,1,6.74,17.08,9.55,2.15,7.78,22.76,8,30,3,48,5.5,9.04,7.72,5.19,4,4.24,7.5,5.28,4.68,8.54,3.02,1,5.31,9.79,1.06,9.58,1.05,9.57,2.14,10,9.74,9.73,0.41,9.52,2.4,8.43,3.94,9.22,5.51,6.65,6.08,10,10,8.46,10,9.49,8.7,8,9.28,9,8.76,3.9,2.8,7.51,10,7.04,10,6.87,2.55,6.44,9.07,6.41,8.68,7.09,6.71,7.45
2019,PHL,Philippines,7.42,58,2,7.47,14.61,9.07,3.9,10,14.17,8,35,7,32,7.5,7.93,8.39,4.88,4.1,5.82,4.17,4.28,4.18,7.93,3.34,0.82,4.41,9.99,0.03,9.34,1.65,9.5,2.48,10,9.71,7.02,4.47,8.78,6.1,7.34,6.65,7.71,5.99,5.09,5.54,10,4.48,0.77,10,5.08,7.08,8,9.44,10,9.15,7.77,5.03,6.99,10,2.52,10,7.05,3.32,4.89,8.7,3.51,8.96,8.08,6.24,7.48
2019,PNG,Papua New Guinea,6.23,128,4,3.44,28.29,8.04,7.69,,,5,42,5,42,5,6.27,5.69,5.65,4.96,3.58,7.5,4.92,1.01,6.93,5.65,0.82,4.58,7.15,14.23,7.74,5.65,9.27,3.64,0,6.04,6.61,5.08,9.18,4.1,5.49,11.28,7.09,7.16,6.25,6.71,10,5.83,7.69,9.62,7.72,7.88,10,5.41,10,8.47,7.77,,,10,7.01,10,8.69,,3.56,8.49,3.05,7.38,7.68,6.03,7.73
2019,POL,Poland,7.2,75,2,4.76,23.83,5.25,17.93,7.69,23.1,7,36,5,47,6,6.9,6.12,4.84,6.16,5.14,10,5.82,4.56,7.35,5.15,1,6.13,9.11,4.46,9.55,1.12,9.55,2.23,5,8.3,9.13,1.3,8.98,5.1,6.49,8.77,8.2,5.74,9.98,7.86,10,7,2.31,8.74,6.01,8.02,5,9.63,10,8.21,5.57,3.86,7.43,8,7.76,10,7.1,3.14,8.89,8.66,6.41,8.68,6.26,7.01,7.44
2019,PRT,Portugal,7.79,33,1,5.62,20.9,5.01,18.81,10,10.34,4,53,1,66,2.5,8.28,6.28,7.34,6.29,6.54,10,7.89,4.23,7.41,7.97,1,7.21,7.9,10.48,9.92,0.2,9.93,0.34,10,9.44,9.13,1.3,8.98,5.1,6.49,8.77,8.2,7.34,9.98,8.66,10,10,6.15,8.74,8.3,8.79,5,10,10,8.33,2.23,3.51,6.05,6,7.04,10,5.81,3.48,8.67,9.77,7.94,8.31,7.28,7.57,7.24
2019,PRY,Paraguay,7.22,72,2,7.29,15.21,9.4,2.69,8.74,19.41,10,10,7,32,8.5,8.48,8.48,4.28,3.62,5.27,2.5,4.26,4.07,8.54,2.84,1,4.42,9.93,-0.37,9.16,2.1,9.45,2.76,10,9.63,8.97,1.54,8.04,9.8,6.82,7.94,7.95,5.88,5.96,5.92,10,4.48,3.08,7.19,4.92,7.2,8,8.22,9,8.41,5.57,3.28,6.76,6,2.6,3,4.53,4.28,4.44,8.33,4.99,8.94,5.76,6.13,6.36
2019,QAT,Qatar,7.09,80,2,0,43.02,9.61,1.92,,,10,0,10,0,10,4.14,5.94,5.91,7.05,7.41,6.67,6.45,4.86,9.88,7.92,0.53,5.37,9.23,3.86,4.26,14.34,9.87,-0.67,10,8.34,9.31,1.03,9.04,4.8,6.24,9.41,8.2,6.63,7.47,7.05,10,10,4.62,10,8.21,8.36,5,10,10,8.33,10,6.96,7.4,4,4.82,3,6.03,6.61,6.67,9.65,6.24,9.49,9.54,8.03,7.47
2019,ROU,Romania,7.88,26,1,5.46,21.42,6.49,13.37,10,14.52,10,10,4,45,7,7.3,7.25,5.59,5.07,6.07,8.33,5.32,5.04,9.3,6.59,1,6.41,9.07,4.65,9.21,1.98,9.23,3.83,10,9.38,9.13,1.3,8.98,5.1,6.49,8.77,8.2,6.26,9.97,8.11,10,10,8.46,8.74,9.07,8.85,8,7.51,10,8.5,3.9,5.62,6.93,8,10,10,7.41,3.33,6.67,9.36,5.68,6.67,8.17,6.65,7.52
2019,RUS,Russian Federation,6.7,100,3,3.93,26.65,6.21,14.4,,,10,13,5,37,7.5,4.58,5.55,4.16,4.34,4.47,6.67,4.27,5.09,9.7,5.03,0.88,5.14,8.46,7.71,8.86,2.84,9.11,4.47,10,9.11,6.06,5.91,8.66,6.7,6.76,8.11,7.16,5.19,6.93,6.06,10,5.37,2.31,5.09,4.25,6.87,5,10,10,8.33,5,5.11,7.82,6,8.5,3,5.9,3.7,4.22,9.67,3.46,8.23,8.22,6.25,6.83
2019,RWA,Rwanda,7.35,64,2,6.44,18.11,9.72,1.53,2.42,41.52,8,30,5,37,6.5,2.63,5.54,4.55,6.28,5.79,,4.4,4.81,9.83,7.7,1,6.19,9.32,3.42,8.73,3.17,9.33,3.35,10,9.34,8.68,1.98,7.74,11.3,5.21,11.98,7.21,5.94,5.72,5.83,10,7.48,8.46,10,8.65,7.92,5,6.56,9,6.85,10,5.76,6.86,10,7.01,10,8.27,6.15,7.33,9.87,7.42,9.32,8.99,8.18,7.77
2019,SAU,Saudi Arabia,6.85,91,3,0.59,37.98,8.09,7.51,1.19,45.84,10,0,10,20,10,3.62,4.7,5.52,6.29,7.89,8.33,6.13,4.73,9.97,8.74,0.71,6.14,9.85,-0.76,5.58,11.06,9.58,-2.09,10,8.75,9.45,0.82,8.94,5.3,6.25,9.38,8.21,6.18,7.41,6.8,10,7,0.77,5.86,4.54,7.39,5,8.67,10,7.89,8.33,6.16,7.73,6,4.39,10,7.1,6.13,3.11,9.61,4.24,9.29,8.83,6.87,7.29
2019,SDN,Sudan,4.19,164,4,9.47,7.8,9.42,2.63,10,7.16,10,15,7,34,8.5,5.21,8.52,4.1,4.47,3.05,1.67,3.59,3.8,8.94,,0.29,2.74,0,57.86,2.28,19.29,0,50.99,5,1.82,5.45,6.83,5.7,21.5,3.89,15.27,5.01,,0.92,0.92,0,5.52,6.15,0.89,4.19,2.53,,8.03,0,4.02,8.33,,,8,2.52,0,4.71,,3.56,8.71,4.34,6.76,7.98,6.27,5
2019,SEN,Senegal,6.25,127,4,6.88,16.6,9.66,1.74,7.01,25.45,5,40,5,40,5,6.74,7.06,4.94,5.07,5.2,4.17,5.7,3.35,6.89,6.92,0.65,4.35,9.42,2.88,9.65,0.87,9.65,1.76,0,7.18,7.21,4.18,7.58,12.1,7.05,7.38,7.28,5.46,6.23,5.85,10,1.65,0.77,10,4.14,6.82,10,7.58,5,7.53,0,3.99,6.43,4,7.19,0,3.6,4.5,4.89,9.56,5.86,8.02,5.34,6.36,5.83
2019,SGP,Singapore,8.81,2,1,5.24,22.17,9.25,3.27,8.93,18.73,10,22,10,22,10,4.37,7.56,6.52,8.51,8.94,8.33,7.92,7.83,8.96,9.19,1,8.28,9.71,1.45,9.46,1.35,9.89,0.57,10,9.76,10,0,10,0,10,0,10,8.36,9.2,8.78,10,10,6.92,10,8.97,9.44,10,10,10,10,10,7.7,8.39,10,10,0,7.68,7.44,9.78,9.95,9.58,9.99,9.28,9.34,9.01
2019,SLE,Sierra Leone,6.15,132,4,9.49,7.72,10,0.27,4.74,33.41,8,30,5,40,6.5,7.92,7.73,4.73,3.82,4.4,4.17,5.52,4.18,5.46,4.13,0.94,4.42,8.5,7.48,7.95,5.12,7.04,14.8,5,7.12,7.64,3.54,7.58,12.1,7.05,7.38,7.42,4.47,4.23,4.35,10,1.65,0,10,3.88,6.41,2,0,8,3.33,3.33,4.12,5.54,8,0,10,5.16,3.9,3.11,9.66,7.15,7.91,6.16,6.32,4.94
2019,SLV,El Salvador,7.39,60,2,7.02,16.12,9.34,2.94,10,13.86,8,30,8,30,8,8.97,8.67,4.73,4.11,4.39,4.17,4.08,3.27,8.17,2.57,1,4.44,8.99,5.06,9.77,0.58,9.98,0.08,10,9.69,9.26,1.11,8.8,6,6.64,8.4,8.23,5.22,8.54,6.88,10,7,3.08,8.74,6.27,7.85,8,8.21,10,8.74,4.43,3.46,7.32,6,2.6,3,4.47,2.46,5.33,9.01,4.1,5.85,8.12,5.81,6.34
2019,SOM,Somalia,6.67,107,3,8.61,10.72,,,,,7,35,,,7,6.98,7.53,3.07,0.83,1.77,1.7,2.3,4.83,5.99,,0.65,2.41,,,8.65,3.37,9.65,1.75,10,9.43,,,,,,,,,5.07,5.07,10,,10,10,10,8.36,,,,,10,,,8,2.52,10,7.63,,0,5.68,5.04,,,3.57,5.6
2019,SRB,Serbia,7.22,72,2,6,19.61,3.69,23.66,8.04,21.86,10,15,6,38,8,7.1,6.56,5.28,4.85,4.86,6.67,5.43,3.37,8.52,5.12,1,5.51,9.61,1.95,9.89,0.27,9.63,1.85,5,8.53,9.27,1.1,8.52,7.4,7.16,7.1,8.32,5.76,9.75,7.75,10,,1.54,9.74,5.64,7.93,8,10,9,9,2.23,5.02,6.79,10,7.51,10,6.92,3.49,6.22,9.75,4.59,9.29,7.47,6.8,7.58
2019,SUR,Suriname,6.14,134,4,4.16,25.86,8.58,5.69,,,5,38,5,40,5,5.25,5.75,5.47,5.5,5.56,5,4.96,2.75,4.46,3.16,0.94,4.47,4.26,28.68,4.93,12.69,9.12,4.39,10,7.08,8.39,2.42,7.92,10.4,6.13,9.67,7.48,6.71,6.83,6.77,10,1.65,0,2.32,1.32,6.39,8,8.97,10,8.99,5.57,,,10,7.01,10,8.14,,1.33,6.9,4.78,7.28,7.77,5.61,7.58
2019,SVK,Slovak Republic,7.61,47,2,4.16,25.87,4.82,19.51,9.47,16.87,9,25,2,52,5.5,7.58,6.3,5.56,5.19,5.69,10,6.2,3.75,9.69,3.99,1,6.26,8.32,8.38,9.47,1.32,9.47,2.66,10,9.32,9.13,1.3,8.98,5.1,6.49,8.77,8.2,6.11,9.98,8.05,10,7.48,5.38,8.74,7.2,8.36,10,9.36,10,9.79,5.57,3.79,6.59,8,7.76,10,6.95,2.31,7.78,9.25,7.09,6.03,7.85,6.72,7.82
2019,SVN,Slovenia,7.43,57,2,4.12,25.98,5.16,18.27,8.77,19.32,4,50,0,66,2,7.19,5.45,6.22,6.11,6.07,9.17,7.08,4.23,8.32,7.43,0.94,6.63,8.9,5.5,9.73,0.68,9.67,1.63,10,9.58,9.13,1.3,8.98,5.1,6.49,8.77,8.2,6.78,9.98,8.38,10,7,3.08,8.74,6.27,8.21,5,10,10,8.33,2.23,2.74,6.07,8,8.13,10,6.2,2.65,8.22,9.63,9.09,6.88,7.39,7.31,7.28
2019,SWE,Sweden,7.72,37,1,1.09,36.31,4.95,19.02,8.57,20.02,2,57,0,67,1,7.77,4.68,8.2,8.24,7.54,9.17,8.38,6.11,8.45,6.89,1,7.87,9.49,2.55,9.83,0.41,9.64,1.78,10,9.74,9.13,1.3,8.98,5.1,6.49,8.77,8.2,7.03,9.93,8.48,10,10,3.08,8.74,7.27,8.49,10,10,8,9.33,6.67,4.31,4.3,6,10,5,6.05,4.59,6.67,9.72,9.64,9.01,8.63,8.04,7.81
2019,SWZ,Eswatini,6.05,136,4,4.59,24.4,9.89,0.91,3.76,36.84,7,33,7,33,7,3.82,5.81,4.29,5.43,5.99,,3.85,1.59,7.2,6.53,0.53,3.81,7.52,12.42,8.01,4.98,9.48,2.6,5,7.5,2.57,11.15,8.46,7.7,5.53,11.17,5.52,5.81,3.28,4.55,10,1.65,0.77,9.29,3.9,5.99,8,5.68,10,7.89,8.9,4.12,5.87,10,6.89,10,7.63,4.04,4,8.5,3.7,8.68,6.64,5.93,7.15
2019,SYC,Seychelles,7.63,43,2,4.24,25.58,8.49,6.05,9.9,15.36,8,30,8,30,8,5.35,7.19,6.12,6.17,6.19,,6.7,4.06,7.08,4.86,0.94,5.71,8.53,7.33,8.57,3.57,9.64,1.81,10,9.19,9.49,0.76,9.5,2.5,5.85,10.38,8.28,5.87,5.33,5.6,10,10,8.46,10,9.49,8.34,5,10,9,8,8.9,5.13,5.82,8,7.53,10,7.56,5.17,5.78,8.84,7.55,9.08,9.05,7.58,7.71
2019,SYR,Syrian Arab Republic,5.19,158,4,6.82,16.8,8.97,4.29,,,9,22,5,38,7,4.61,6.85,3.29,2.05,5.86,3.33,5.13,3.22,4.09,5.95,0.47,3.03,9.48,2.61,4.43,13.92,0,75,10,5.98,8.37,2.45,6.7,16.5,0.63,23.43,5.23,4.6,2.81,3.7,9.03,0,0.83,2.88,1.24,4.8,2,4.76,10,5.59,7.23,4.98,4.74,6,10,0,5.49,3.81,0,9.13,1.17,,6.23,4.07,5.05
2019,TCD,Chad,5.6,152,4,10,4.5,9.92,0.8,7.23,24.7,8,30,8,30,8,7.87,8.6,3.16,3.22,3.57,,2.35,2.22,6.79,3.3,0.53,2.69,9.45,-2.74,7.83,5.43,9.81,-0.97,0,6.77,,,6.42,17.9,6.21,9.49,6.31,3.92,0.77,2.35,10,1.65,1.54,1.66,1.62,5.07,2,5.88,10,5.96,5,4.2,6.1,6,7.94,3,5.37,3.64,0.89,6.28,0.95,7.2,0.65,3.27,4.87
2019,TGO,Togo,6.35,122,3,6.24,18.77,10,0.25,6.37,27.7,7,35,,,7,6.77,7.28,4.56,3.77,6.16,4.17,4.32,3.9,8.81,,1,5.1,9.92,0.39,9.5,1.25,9.86,0.69,0,7.32,6.55,5.17,7.58,12.1,7.05,7.38,7.06,4.87,3.29,4.08,10,1.65,0.77,1.77,1.4,5.63,10,10,5,8.33,1.67,,,8,7.01,0,4.17,,4,9.81,3.76,8.15,8.22,6.79,6.43
2019,THA,Thailand,6.87,89,3,4.6,24.37,9.16,3.6,7.05,25.32,8,35,8,35,8,6.9,7.14,5.41,5.19,5.54,3.33,3.97,5.26,7.46,4.37,0.94,4.92,9.74,1.31,9.67,0.83,9.86,0.71,5,8.57,9.69,0.47,7.96,10.2,3.8,15.5,7.15,5.69,7.99,6.84,10,1.65,1.54,6.75,3.31,6.83,8,9.74,10,9.25,5.57,5.57,5.64,10,1.37,0,4.69,4.58,6.67,9.78,2.72,9.08,7.43,6.71,6.88
2019,TJK,Tajikistan,6.5,119,3,8.12,12.39,9.06,3.94,0,79.17,10,13,7,31,8.5,3.14,5.77,4.15,3.94,4.83,,2.27,5.67,8.46,5.99,0.88,4.75,6.91,15.43,9.14,2.14,8.44,7.79,10,8.62,9.19,1.22,8.46,7.7,7.66,5.85,8.44,5.32,4.54,4.93,10,2.25,6.15,1.11,3.17,6.63,8,8.53,8,8.18,5.57,5.87,7.37,8,7.76,0,5.76,5.62,3.11,9.59,3.06,8.35,7.49,6.2,6.71
2019,TLS,Timor-Leste,6.19,130,4,0,46.59,8.71,5.24,0,77.28,10,10,10,10,10,4.83,4.71,5.93,4.57,3.02,,5.33,0,,1.4,1,3.37,7.64,-11.78,5.44,11.4,9.81,0.96,10,8.22,8.65,2.03,9.5,2.5,10,0,9.38,3.93,5.05,4.49,10,,8.46,10,9.23,8.27,,1.04,9,5.02,2.23,,,8,5.51,10,6.44,,5.56,9.58,6.8,7.54,7.38,7.37,6.27
2019,TTO,Trinidad and Tobago,7.27,69,2,6,19.59,7.89,8.24,,,9,30,6,45,7.5,6.88,7.07,6.59,5.35,5.45,8.33,5.02,2.96,6.24,3.59,0.94,5.28,9.85,0.76,7.57,6.07,9.8,1,10,9.3,8.9,1.65,8.38,8.1,5.27,11.83,7.52,5.93,6.18,6.05,10,8.35,6.15,10,8.17,7.93,8,0,10,6,10,3.62,6.05,10,5.14,10,7.47,3.46,6.44,9.66,7.1,6.78,7.65,6.85,6.77
2019,TUN,Tunisia,5.97,139,4,5.27,22.09,6.41,13.67,5.83,29.59,5,36,2,53,3.5,6.03,5.41,5.64,4.83,5.57,5.83,7.43,4.88,7.33,5.78,0.71,5.04,8.35,8.23,9.41,1.47,8.66,6.72,0,6.61,8.83,1.75,7.68,11.6,5.27,11.83,7.26,5.16,8.09,6.63,7.28,1.65,0.77,9.85,4.09,6.31,5,5.49,10,6.83,6.1,3.35,5.47,10,5.51,3,5.57,3.18,5.11,9.68,6.85,8.74,8.39,6.99,6.46
2019,TUR,Turkey,6.54,114,3,5.46,21.45,6.21,14.4,10,14.11,7,35,3,48,5,6,6.53,3.76,4.21,5.42,3.33,4.24,4.5,8.93,5.58,0.94,4.85,8.73,6.35,8.47,3.83,6.96,15.18,10,8.54,9.55,0.68,8,10,1.16,22.1,6.24,5.56,9.57,7.57,10,1.65,2.31,8.41,4.12,6.98,5,7.85,4,5.62,5.57,4.26,7.1,8,2.52,5,5.41,4.41,5.33,9.71,1.74,9.28,8.09,6.43,5.82
2019,TWN,Taiwan,8.02,17,1,5.54,21.18,9.29,3.12,,,7,40,7,40,7,7.5,7.33,6.61,6.43,7.63,6.67,7.53,6.25,7.89,7.83,1,7.1,9.74,1.29,9.32,1.69,9.89,0.56,10,9.74,9.53,0.7,8.68,6.6,3.51,16.24,7.24,6.59,8.76,7.68,10,,,6.64,6.64,7.89,5,9.24,10,8.08,5.57,6.2,8.33,10,6.26,10,7.73,4.9,9.56,9.66,8.81,9.58,7.52,8.34,8.05
2019,TZA,Tanzania,6.75,97,3,8.32,11.71,10,0.36,7.14,25,8,30,4,45,6,4.68,7.23,5.4,4.67,4.83,5.83,6.42,5.71,7.02,5.16,0.88,5.3,9.16,-4.18,9.34,1.65,9.31,3.45,5,8.2,7.34,3.99,7.38,13.1,5.02,12.45,6.58,5.03,0.8,2.91,10,1.65,1.54,10,4.4,5.97,8,8.27,9,8.42,5.57,4.82,5.95,10,8.27,5,6.6,4.61,1.56,8.63,6.1,7.91,7.68,6.08,7.03
2019,UGA,Uganda,7.42,58,2,8.54,10.98,10,0.17,7.81,22.67,5,40,3,50,4,7.37,7.54,4.66,4.22,5.05,3.33,4.83,4.87,7.92,4.33,0.82,4.47,9.14,4.32,9.35,1.63,9.43,2.87,10,9.48,7.65,3.53,7.3,13.5,4.49,13.77,6.48,5.57,4.62,5.09,10,10,8.46,10,9.49,7.76,8,7.83,9,8.28,10,5.63,8.15,8,10,10,8.63,4.48,4.22,8.81,5.22,9.06,7.81,6.6,7.84
2019,UKR,Ukraine,6.2,129,4,5.61,20.91,5.62,16.56,8.32,20.87,10,20,7,34,8.5,6.63,6.94,4.05,3.77,3.86,8.33,5.24,4.28,9.16,4.62,0.82,4.94,8.55,7.23,5.47,11.32,8.42,7.89,0,5.61,9.43,0.86,9.1,4.5,7.93,5.18,8.82,5.41,7.24,6.33,10,0,0,7.19,2.4,6.89,5,8.31,10,7.77,5.57,5.53,5.78,6,9.25,0,5.35,4.39,5.78,9.79,4.3,9.73,6.33,6.72,6.61
2019,URY,Uruguay,7.36,62,2,6.34,18.43,5.7,16.27,7.1,25.14,7,36,6,44,6.5,6.64,6.46,7.76,6.75,6.81,5.83,5.89,3.59,6.45,5.05,0.94,5.84,9.24,3.78,9.27,1.83,8.42,7.88,10,9.23,8.1,2.85,7.94,10.3,6.87,7.83,7.64,5.79,6.57,6.18,10,10,8.46,9.51,9.33,8.29,5,7.92,10,7.64,8.9,2.51,1.61,8,4.61,10,5.94,3.18,7.33,9.54,9.41,6.59,8.17,7.37,6.98
2019,USA,United States,8.24,6,1,6.74,17.08,6.02,15.09,9.93,15.26,5,40-53,5,40-53,5,9.31,7.4,7.66,7.85,7.6,6.67,7.05,6.76,8.92,7.81,1,7.54,9.48,-2.62,9.78,0.55,9.64,1.81,10,9.72,9.08,1.38,9.34,3.3,6.55,8.61,8.32,6.52,9.8,8.16,10,10,3.85,0.66,4.84,7.83,10,6.96,10,8.99,8.9,7.18,7.79,10,10,10,8.98,5.77,7.33,9.86,7.9,9.6,8.04,8.08,8.68
2019,VEN,"Venezuela, RB",2.83,165,4,7.89,13.17,5.77,16.01,0,70.36,7,34,4,41,5.5,2.52,4.34,1.84,1.59,0.98,1.67,1.91,2.44,8.14,1.37,1,2.49,2.77,36.16,0,"53,612.00",0,"19,906.02",0,0.69,8.45,2.33,7.24,13.8,6.08,9.8,7.26,3.76,10,6.88,0,0,0,6.64,2.21,4.09,5,0,5,3.33,0,1.56,5.66,4,,0,2.24,1.28,0,4.44,1.15,4.98,0,1.98,2.52
2019,VNM,Vietnam,6.26,126,4,9.22,8.66,,,4.54,34.12,7,35,7,35,7,4.74,6.37,3.51,4.43,4.97,5,5.26,5.09,8.79,5.3,0.88,4.98,8.43,7.85,9.31,1.73,9.44,2.8,0,6.79,9.12,1.32,8.08,9.6,5.24,11.9,7.48,4.88,5.75,5.32,10,4.17,0.77,0.89,1.94,6.18,,8.57,10,9.29,7.77,5.46,6.53,10,2.52,0,5.38,3.98,6,9.43,4.39,8.21,5.7,6.28,6.98
2019,YEM,"Yemen, Rep.",5.45,155,4,8.47,11.21,9.02,4.1,,,10,15,8,27,9,4.85,7.83,2.77,2.58,2.78,4.17,2.55,3.78,9.05,3.43,0.41,2.74,9.91,0.47,3.2,17,8,10,10,7.78,8.92,1.62,8.48,7.6,7.81,5.47,8.4,4.05,10,7.02,0,10,6.92,1.33,6.08,5.38,,0,0,0,8.9,3.37,7,8,2.52,10,6.63,2.94,0,8.28,0.94,,7.22,3.88,3.5
2019,ZAF,South Africa,6.97,84,3,4.08,26.12,8.67,5.37,9.97,15.11,5,45,4,46,4.5,7.77,7,6.9,6.38,5.15,8.33,5.29,4.96,6.94,3.65,1,5.95,9.34,3.31,9.49,1.27,9.18,4.12,5,8.25,8.74,1.89,8.46,7.7,4.58,13.55,7.26,5.44,4.68,5.06,10,1.65,0.77,8.63,3.68,6.5,10,6.47,10,8.82,5.57,3.13,4.11,8,8.27,10,6.51,3.36,3.33,8.72,5.41,8.39,7.65,6.14,7.16
2019,ZMB,Zambia,7.09,80,2,3.09,29.51,10,0.12,10,14.29,5,38,4,45,4.5,8.46,7.21,5.02,4.69,4.78,8.33,5.4,3.51,6.03,3.58,0.94,5.01,9.37,-3.17,8.81,2.97,8.17,9.15,10,9.09,9,1.5,7.3,13.5,5.41,11.48,7.24,5.28,2.43,3.85,10,10,9.23,10,9.74,7.71,5,7.53,10,7.51,3.33,4.8,7.49,8,0,10,5.6,4.22,3.11,9.37,4.73,7.85,8.23,6.25,6.46
2019,ZWE,Zimbabwe,4.94,161,4,5.46,21.43,8.5,6,0,69.45,5,46,5,47,5,4.97,4.79,4.53,3.77,3.06,3.33,4.19,2.37,7.05,3.9,1,4.03,0,63.36,8.66,3.36,0,255.29,5,3.41,7.61,3.59,6.5,17.5,1.32,21.7,5.14,5.2,1.33,3.26,10,4.17,0,10,4.72,5.78,8,9.31,9,8.77,6.67,2.96,3.55,8,6.26,10,6.24,2.41,2.67,8.33,1.64,7.99,7.29,5.05,6.69